<?xml version="1.0"?>
<kml xmlns="http://www.opengis.net/kml/2.2" xmlns:gx="http://www.google.com/kml/ext/2.2"><Document><name>CalTopo Export</name><description>Export from CalTopo</description><Folder><open>1</open><name>LineStrings</name><Placemark><Style><LineStyle><color>FF00F0F0</color><width>6.0</width><gx:labelVisibility>1</gx:labelVisibility></LineStyle></Style><description/><name>Untitled path</name><LineString><altitudeMode>clampToGround</altitudeMode><tessellate>1</tessellate><coordinates>85.50977940427498,27.9248129537541,0.0
85.50971357796202,27.92469635267603,0.0
85.50958122230305,27.92467579651421,0.0
85.50938271809687,27.92462199018511,0.0
85.50921702097146,27.92459913537227,0.0
85.50907914933742,27.92456442281919,0.0
85.50895496500438,27.92455391784313,0.0
85.5088255578725,27.92450193494199,0.0
85.50871509728037,27.92449249759046,0.0
85.50853017026058,27.92444196385228,0.0
85.50832243487343,27.92426318563599,0.0
85.50803865804,27.92418212094538,0.0
85.50783156733421,27.92412306345716,0.0
85.50779370634365,27.92404667786685,0.0
85.50765182038465,27.92407421964521,0.0
85.50749276832335,27.92406025818872,0.0
85.50737100883288,27.92405753488825,0.0
85.50728356979688,27.924002776439,0.0
85.50721365338592,27.92379676592241,0.0
85.50662877703827,27.92387518584677,0.0
85.5062353922128,27.92386752177066,0.0
85.50593643609633,27.92380588493851,0.0
85.50582777872911,27.92369231005236,0.0
85.50595975205218,27.92356622501647,0.0
85.50602867737157,27.92348485791311,0.0
85.50589538741698,27.92337881791041,0.0
85.5057488022985,27.92334151290194,0.0
85.50566493752919,27.92330675087643,0.0
85.50554103022829,27.92329607492372,0.0
85.50543993230151,27.92314984590006,0.0
85.5054419791068,27.92303816406564,0.0
85.50535393802568,27.92296941907809,0.0
85.50519643133724,27.92295610232811,0.0
85.50502884658682,27.92292429376125,0.0
85.50497971562798,27.92297211895065,0.0
85.50490232050451,27.92294014736146,0.0
85.50478388855397,27.92292931632738,0.0
85.5046381147822,27.92289385917663,0.0
85.50451678648118,27.92282830582874,0.0
85.50421458344286,27.92268808229779,0.0
85.50415228525839,27.92213620842039,0.0
85.50410029175087,27.92212125408172,0.0
</coordinates></LineString></Placemark><Placemark><Style><LineStyle><color>FFFF0000</color><width>6.0</width><gx:labelVisibility>1</gx:labelVisibility></LineStyle></Style><description/><name>27.6477079 to Nepal 2</name><LineString><altitudeMode>clampToGround</altitudeMode><tessellate>1</tessellate><coordinates>85.46522072189832,27.7294,0.0
85.46525,27.7294,0.0
85.4652468,27.7293978,0.0
85.46535,27.72961,0.0
85.46539,27.7297,0.0
85.46544,27.7298,0.0
85.46548,27.72986,0.0
85.46552,27.72992,0.0
85.46556,27.72996,0.0
85.46576,27.73013,0.0
85.4658,27.73018,0.0
85.46581,27.73019,0.0
85.46584,27.73024,0.0
85.46586,27.73027,0.0
85.46587,27.73028,0.0
85.46588,27.7303,0.0
85.46589,27.73034,0.0
85.46589,27.73036,0.0
85.46589,27.73038,0.0
85.46588,27.73042,0.0
85.46587,27.73046,0.0
85.46584,27.7305,0.0
85.46575,27.7306,0.0
85.46569,27.73066,0.0
85.46562,27.73075,0.0
85.46558,27.73079,0.0
85.46554,27.73083,0.0
85.46552,27.73087,0.0
85.46551,27.73091,0.0
85.4655,27.73096,0.0
85.46551,27.73102,0.0
85.46551,27.73103,0.0
85.46553,27.73107,0.0
85.4656,27.7312,0.0
85.46561,27.73123,0.0
85.46562,27.73126,0.0
85.46563,27.73129,0.0
85.46564,27.7313,0.0
85.46564,27.73134,0.0
85.46564,27.7314,0.0
85.46563,27.73146,0.0
85.4656,27.73151,0.0
85.46558,27.73154,0.0
85.46555,27.7316,0.0
85.46549,27.73167,0.0
85.46539,27.73173,0.0
85.46533,27.73176,0.0
85.46526,27.73179,0.0
85.46516,27.73181,0.0
85.46506,27.73184,0.0
85.46503,27.73186,0.0
85.46502,27.73188,0.0
85.46501,27.7319,0.0
85.465,27.73192,0.0
85.465,27.73195,0.0
85.46501,27.73197,0.0
85.46503,27.73201,0.0
85.46506,27.73208,0.0
85.46511,27.73217,0.0
85.46518,27.73226,0.0
85.46538,27.7323,0.0
85.46553,27.73233,0.0
85.46561,27.73237,0.0
85.46572,27.73242,0.0
85.46574,27.73243,0.0
85.46587,27.73252,0.0
85.46621,27.73274,0.0
85.46624,27.73276,0.0
85.46631,27.73282,0.0
85.46633,27.73284,0.0
85.46638,27.7329,0.0
85.46643,27.73297,0.0
85.4665,27.73308,0.0
85.46656,27.7332,0.0
85.46663,27.73338,0.0
85.46669,27.73352,0.0
85.46676,27.73365,0.0
85.4668,27.73371,0.0
85.46684,27.73376,0.0
85.467,27.73395,0.0
85.46712,27.73409,0.0
85.46735,27.73435,0.0
85.46742,27.73442,0.0
85.46754,27.73454,0.0
85.46758,27.73458,0.0
85.4677,27.73468,0.0
85.46781,27.73476,0.0
85.46796,27.73487,0.0
85.46807,27.73496,0.0
85.46813,27.73502,0.0
85.46817,27.73508,0.0
85.46821,27.73515,0.0
85.46825,27.73521,0.0
85.46827,27.73524,0.0
85.46831,27.7353,0.0
85.46833,27.73532,0.0
85.46837,27.73535,0.0
85.4684,27.73539,0.0
85.46845,27.73543,0.0
85.46859,27.73556,0.0
85.4686,27.73557,0.0
85.46872,27.73565,0.0
85.46882,27.73571,0.0
85.46901,27.73579,0.0
85.46902,27.7358,0.0
85.4691,27.73584,0.0
85.46917,27.73589,0.0
85.46932,27.73605,0.0
85.46937,27.73611,0.0
85.4694,27.73618,0.0
85.46942,27.73623,0.0
85.46942,27.73637,0.0
85.46943,27.73642,0.0
85.46944,27.73646,0.0
85.46946,27.73649,0.0
85.46948,27.73651,0.0
85.46951,27.73652,0.0
85.46954,27.73653,0.0
85.46967,27.73655,0.0
85.46969,27.73655,0.0
85.46972,27.73656,0.0
85.46977,27.73658,0.0
85.46981,27.73661,0.0
85.46997,27.7368,0.0
85.47004,27.73688,0.0
85.47007,27.73693,0.0
85.47008,27.73697,0.0
85.47009,27.737,0.0
85.47008,27.73703,0.0
85.47008,27.73706,0.0
85.47004,27.73712,0.0
85.47002,27.73717,0.0
85.47001,27.73721,0.0
85.47001,27.73725,0.0
85.47001,27.7373,0.0
85.47002,27.73738,0.0
85.47003,27.73744,0.0
85.47004,27.73747,0.0
85.47005,27.73749,0.0
85.47008,27.73754,0.0
85.47026,27.73782,0.0
85.4704,27.73803,0.0
85.47046,27.73809,0.0
85.47047,27.73811,0.0
85.47054,27.73817,0.0
85.47059,27.73822,0.0
85.47064,27.73825,0.0
85.47069,27.73827,0.0
85.47075,27.7383,0.0
85.47077,27.73831,0.0
85.47081,27.73833,0.0
85.47084,27.73836,0.0
85.47086,27.73837,0.0
85.47093,27.73843,0.0
85.47098,27.73847,0.0
85.47105,27.7385,0.0
85.47109,27.73852,0.0
85.4711,27.73853,0.0
85.47116,27.73856,0.0
85.47137,27.73867,0.0
85.47154,27.73876,0.0
85.47167,27.73882,0.0
85.47175,27.73886,0.0
85.47196,27.739,0.0
85.47203,27.73904,0.0
85.47211,27.73911,0.0
85.47212,27.73911,0.0
85.47218,27.73919,0.0
85.47223,27.73926,0.0
85.47226,27.73934,0.0
85.47229,27.73947,0.0
85.47233,27.73963,0.0
85.47236,27.73973,0.0
85.47243,27.73987,0.0
85.47257,27.74011,0.0
85.47264,27.74022,0.0
85.47272,27.7403,0.0
85.47287,27.74044,0.0
85.47292,27.7405,0.0
85.47307,27.74069,0.0
85.47308,27.74071,0.0
85.47315,27.74077,0.0
85.47322,27.74081,0.0
85.47325,27.74083,0.0
85.47338,27.74088,0.0
85.47343,27.74091,0.0
85.47357,27.74099,0.0
85.4736,27.74101,0.0
85.47375,27.74114,0.0
85.4738,27.74121,0.0
85.47383,27.74127,0.0
85.47384,27.74133,0.0
85.47387,27.74144,0.0
85.47388,27.74152,0.0
85.47391,27.74159,0.0
85.47393,27.74161,0.0
85.47398,27.74168,0.0
85.47404,27.74175,0.0
85.47406,27.74175,0.0
85.47411,27.74178,0.0
85.47421,27.74183,0.0
85.47423,27.74184,0.0
85.47432,27.74189,0.0
85.47438,27.74196,0.0
85.4744,27.74204,0.0
85.47441,27.74211,0.0
85.47441,27.7422,0.0
85.47442,27.74224,0.0
85.47443,27.74228,0.0
85.47444,27.74232,0.0
85.47446,27.74235,0.0
85.47448,27.74238,0.0
85.4745,27.74241,0.0
85.47454,27.74245,0.0
85.47458,27.74249,0.0
85.47464,27.74255,0.0
85.47467,27.74258,0.0
85.47469,27.74259,0.0
85.4747,27.7426,0.0
85.47478,27.74266,0.0
85.47484,27.74272,0.0
85.47485,27.74273,0.0
85.47493,27.7428,0.0
85.47495,27.74283,0.0
85.47497,27.74285,0.0
85.47497,27.74286,0.0
85.47498,27.74288,0.0
85.47499,27.74292,0.0
85.47499,27.74298,0.0
85.47499,27.74301,0.0
85.475,27.74305,0.0
85.47501,27.74309,0.0
85.47502,27.74314,0.0
85.47505,27.74321,0.0
85.47507,27.74325,0.0
85.47509,27.74328,0.0
85.47511,27.74331,0.0
85.47514,27.74333,0.0
85.47516,27.74335,0.0
85.47527,27.74342,0.0
85.47532,27.74347,0.0
85.47537,27.74351,0.0
85.47563,27.74373,0.0
85.4757,27.74379,0.0
85.47574,27.74382,0.0
85.47577,27.74384,0.0
85.47578,27.74385,0.0
85.47581,27.74386,0.0
85.47588,27.74389,0.0
85.47592,27.74391,0.0
85.476,27.74394,0.0
85.47605,27.74396,0.0
85.4761,27.744,0.0
85.47615,27.74403,0.0
85.47622,27.74407,0.0
85.47626,27.7441,0.0
85.4763,27.74412,0.0
85.47631,27.74413,0.0
85.47634,27.74414,0.0
85.47637,27.74415,0.0
85.47642,27.74417,0.0
85.47644,27.74417,0.0
85.47647,27.74418,0.0
85.47658,27.74419,0.0
85.47672,27.7442,0.0
85.47678,27.74421,0.0
85.4768,27.74421,0.0
85.47686,27.74421,0.0
85.47689,27.74421,0.0
85.47692,27.7442,0.0
85.47696,27.74419,0.0
85.477,27.74418,0.0
85.47705,27.74416,0.0
85.47712,27.74415,0.0
85.47717,27.74414,0.0
85.47723,27.74413,0.0
85.47728,27.74414,0.0
85.47729,27.74414,0.0
85.47734,27.74415,0.0
85.47742,27.74417,0.0
85.47751,27.7442,0.0
85.47757,27.74424,0.0
85.47761,27.74427,0.0
85.47764,27.74428,0.0
85.47769,27.74431,0.0
85.47772,27.74434,0.0
85.47776,27.74435,0.0
85.4778,27.74437,0.0
85.47783,27.74438,0.0
85.47785,27.74439,0.0
85.47792,27.74442,0.0
85.47797,27.74443,0.0
85.47801,27.74445,0.0
85.47809,27.74448,0.0
85.47811,27.74449,0.0
85.47816,27.74451,0.0
85.4782,27.74453,0.0
85.47824,27.74455,0.0
85.47832,27.7446,0.0
85.47842,27.74466,0.0
85.47849,27.74471,0.0
85.47855,27.74475,0.0
85.47862,27.74478,0.0
85.47867,27.74481,0.0
85.47879,27.74488,0.0
85.47886,27.74491,0.0
85.47894,27.74495,0.0
85.47903,27.745,0.0
85.47904,27.745,0.0
85.47906,27.74501,0.0
85.4791,27.74504,0.0
85.47913,27.74506,0.0
85.47915,27.74508,0.0
85.47916,27.74511,0.0
85.47918,27.74513,0.0
85.47921,27.7452,0.0
85.47924,27.74525,0.0
85.47927,27.74529,0.0
85.4793,27.74533,0.0
85.47932,27.74535,0.0
85.47936,27.74538,0.0
85.47938,27.7454,0.0
85.47939,27.74541,0.0
85.47941,27.74543,0.0
85.47947,27.74546,0.0
85.47955,27.74551,0.0
85.47957,27.74554,0.0
85.47961,27.74556,0.0
85.47966,27.74561,0.0
85.47983,27.74575,0.0
85.47987,27.74578,0.0
85.47993,27.74583,0.0
85.47998,27.74589,0.0
85.48007,27.74595,0.0
85.48012,27.74598,0.0
85.48019,27.74601,0.0
85.48034,27.74608,0.0
85.48047,27.74613,0.0
85.48063,27.7462,0.0
85.48073,27.74626,0.0
85.48078,27.74628,0.0
85.48081,27.74629,0.0
85.48085,27.7463,0.0
85.48088,27.7463,0.0
85.48093,27.7463,0.0
85.48097,27.7463,0.0
85.48102,27.7463,0.0
85.48109,27.7463,0.0
85.48113,27.7463,0.0
85.48117,27.74631,0.0
85.48119,27.74632,0.0
85.48121,27.74633,0.0
85.48123,27.74635,0.0
85.48125,27.74636,0.0
85.48125,27.74638,0.0
85.48126,27.7464,0.0
85.48126,27.74641,0.0
85.48126,27.74642,0.0
85.48126,27.74644,0.0
85.48126,27.74646,0.0
85.48126,27.74658,0.0
85.48126,27.74659,0.0
85.48125,27.74672,0.0
85.48125,27.74677,0.0
85.48125,27.74682,0.0
85.48125,27.74686,0.0
85.48126,27.74693,0.0
85.48126,27.74695,0.0
85.48127,27.74699,0.0
85.48131,27.74707,0.0
85.48133,27.74712,0.0
85.48134,27.74712,0.0
85.48136,27.74716,0.0
85.48139,27.7472,0.0
85.48144,27.74726,0.0
85.48145,27.74727,0.0
85.48147,27.74728,0.0
85.48152,27.74731,0.0
85.4816,27.74735,0.0
85.48172,27.7474,0.0
85.4818,27.74745,0.0
85.48183,27.74746,0.0
85.48193,27.74752,0.0
85.48197,27.74755,0.0
85.48199,27.74757,0.0
85.4821,27.74765,0.0
85.48212,27.74767,0.0
85.48214,27.74768,0.0
85.48215,27.74771,0.0
85.48217,27.74774,0.0
85.48218,27.74778,0.0
85.48219,27.74783,0.0
85.48222,27.74792,0.0
85.48224,27.74797,0.0
85.48226,27.748,0.0
85.48227,27.74801,0.0
85.48229,27.74803,0.0
85.48232,27.74805,0.0
85.48235,27.74807,0.0
85.48242,27.74809,0.0
85.48243,27.7481,0.0
85.48247,27.74811,0.0
85.48251,27.74813,0.0
85.48254,27.74815,0.0
85.48256,27.74817,0.0
85.48258,27.7482,0.0
85.48258,27.74821,0.0
85.48259,27.74823,0.0
85.4826,27.74827,0.0
85.48261,27.74831,0.0
85.48261,27.74834,0.0
85.48261,27.74841,0.0
85.4826,27.74849,0.0
85.4826,27.74856,0.0
85.4826,27.74858,0.0
85.4826,27.74862,0.0
85.48261,27.74869,0.0
85.48262,27.74874,0.0
85.48263,27.74878,0.0
85.48268,27.74893,0.0
85.4827,27.749,0.0
85.48271,27.74906,0.0
85.48272,27.74909,0.0
85.48273,27.74913,0.0
85.48275,27.74922,0.0
85.48275,27.74925,0.0
85.48276,27.74926,0.0
85.48276,27.74927,0.0
85.48277,27.74929,0.0
85.48278,27.74929,0.0
85.4828,27.7493,0.0
85.48282,27.74931,0.0
85.48284,27.74931,0.0
85.48285,27.74931,0.0
85.48286,27.74931,0.0
85.48287,27.7493,0.0
85.48288,27.7493,0.0
85.4829,27.74929,0.0
85.48291,27.74928,0.0
85.48292,27.74927,0.0
85.48292,27.74926,0.0
85.48293,27.74925,0.0
85.48293,27.74923,0.0
85.48294,27.74922,0.0
85.48294,27.7492,0.0
85.48294,27.74918,0.0
85.48293,27.74911,0.0
85.48292,27.74909,0.0
85.48291,27.74904,0.0
85.48289,27.74895,0.0
85.48288,27.74891,0.0
85.48288,27.7489,0.0
85.48288,27.74885,0.0
85.48287,27.7488,0.0
85.48288,27.74877,0.0
85.48288,27.74873,0.0
85.48289,27.74869,0.0
85.4829,27.74866,0.0
85.48292,27.74861,0.0
85.48297,27.74853,0.0
85.48302,27.74845,0.0
85.48304,27.74842,0.0
85.48304,27.74841,0.0
85.48305,27.74839,0.0
85.48306,27.74836,0.0
85.48307,27.74834,0.0
85.48307,27.74832,0.0
85.48306,27.7483,0.0
85.48305,27.74828,0.0
85.48301,27.74821,0.0
85.48297,27.74816,0.0
85.48294,27.74811,0.0
85.48293,27.74808,0.0
85.48292,27.74804,0.0
85.48291,27.74802,0.0
85.48291,27.74798,0.0
85.48291,27.74796,0.0
85.48291,27.74793,0.0
85.48292,27.7479,0.0
85.48292,27.74789,0.0
85.48293,27.74786,0.0
85.48294,27.74783,0.0
85.48297,27.74779,0.0
85.48299,27.74775,0.0
85.48302,27.74772,0.0
85.48312,27.7476,0.0
85.48314,27.74757,0.0
85.48316,27.74755,0.0
85.48317,27.74753,0.0
85.48318,27.74751,0.0
85.48319,27.74749,0.0
85.48319,27.74748,0.0
85.48319,27.74746,0.0
85.48319,27.74744,0.0
85.48319,27.74743,0.0
85.48319,27.74742,0.0
85.48318,27.7474,0.0
85.48317,27.74739,0.0
85.48316,27.74738,0.0
85.48315,27.74737,0.0
85.48312,27.74736,0.0
85.4831,27.74736,0.0
85.48303,27.74735,0.0
85.48298,27.74734,0.0
85.48294,27.74733,0.0
85.4829,27.74732,0.0
85.48287,27.7473,0.0
85.48285,27.74728,0.0
85.48283,27.74726,0.0
85.48282,27.74724,0.0
85.4828,27.74721,0.0
85.48277,27.74715,0.0
85.48276,27.74712,0.0
85.48276,27.74711,0.0
85.48275,27.74707,0.0
85.48275,27.74704,0.0
85.48274,27.747,0.0
85.48274,27.74696,0.0
85.48275,27.74694,0.0
85.48275,27.74693,0.0
85.48276,27.74689,0.0
85.48278,27.74686,0.0
85.48279,27.74683,0.0
85.48281,27.7468,0.0
85.48284,27.74677,0.0
85.48287,27.74675,0.0
85.48291,27.74672,0.0
85.48299,27.74666,0.0
85.48303,27.74664,0.0
85.4832,27.74654,0.0
85.48333,27.74646,0.0
85.48345,27.7464,0.0
85.48348,27.74639,0.0
85.4835,27.74638,0.0
85.48354,27.74637,0.0
85.48356,27.74637,0.0
85.48358,27.74636,0.0
85.4836,27.74636,0.0
85.48362,27.74637,0.0
85.48363,27.74637,0.0
85.48364,27.74638,0.0
85.48365,27.74639,0.0
85.48366,27.7464,0.0
85.48366,27.74641,0.0
85.48366,27.74642,0.0
85.48367,27.74643,0.0
85.48367,27.74644,0.0
85.48366,27.74646,0.0
85.48366,27.74647,0.0
85.48365,27.74649,0.0
85.48363,27.7465,0.0
85.48361,27.74652,0.0
85.48359,27.74654,0.0
85.48354,27.74657,0.0
85.48342,27.74664,0.0
85.48341,27.74665,0.0
85.48333,27.74669,0.0
85.48327,27.74673,0.0
85.48324,27.74675,0.0
85.48323,27.74676,0.0
85.4832,27.7468,0.0
85.48317,27.74684,0.0
85.48314,27.74688,0.0
85.48313,27.7469,0.0
85.48312,27.74692,0.0
85.48311,27.74695,0.0
85.48311,27.74697,0.0
85.48311,27.747,0.0
85.48311,27.74702,0.0
85.48312,27.74704,0.0
85.48313,27.74706,0.0
85.48314,27.74707,0.0
85.48315,27.74708,0.0
85.48316,27.74708,0.0
85.48317,27.74709,0.0
85.48318,27.74709,0.0
85.48319,27.74709,0.0
85.48321,27.74709,0.0
85.48322,27.74709,0.0
85.48324,27.74709,0.0
85.48326,27.74709,0.0
85.48328,27.74708,0.0
85.4833,27.74707,0.0
85.48332,27.74706,0.0
85.48333,27.74706,0.0
85.48335,27.74704,0.0
85.48342,27.74699,0.0
85.4835,27.74693,0.0
85.48357,27.74689,0.0
85.48366,27.74685,0.0
85.48367,27.74685,0.0
85.48373,27.74682,0.0
85.48377,27.7468,0.0
85.48383,27.74679,0.0
85.48385,27.74678,0.0
85.48392,27.74676,0.0
85.48401,27.74674,0.0
85.48404,27.74673,0.0
85.48412,27.74672,0.0
85.48417,27.74671,0.0
85.48423,27.74672,0.0
85.48428,27.74672,0.0
85.48432,27.74673,0.0
85.48441,27.74675,0.0
85.48444,27.74676,0.0
85.48461,27.74681,0.0
85.48464,27.74682,0.0
85.48478,27.74686,0.0
85.48481,27.74687,0.0
85.48483,27.74687,0.0
85.48486,27.74688,0.0
85.48491,27.74689,0.0
85.48495,27.7469,0.0
85.48499,27.74691,0.0
85.48503,27.74691,0.0
85.48506,27.74692,0.0
85.4851,27.74693,0.0
85.48512,27.74694,0.0
85.48514,27.74695,0.0
85.48515,27.74697,0.0
85.48516,27.74698,0.0
85.48517,27.747,0.0
85.48517,27.74702,0.0
85.48518,27.74703,0.0
85.48518,27.74705,0.0
85.48517,27.74707,0.0
85.48517,27.74709,0.0
85.48516,27.7471,0.0
85.48515,27.74713,0.0
85.48513,27.74714,0.0
85.48512,27.74716,0.0
85.4851,27.74717,0.0
85.48509,27.74718,0.0
85.48507,27.7472,0.0
85.485,27.74724,0.0
85.48494,27.74728,0.0
85.48483,27.74734,0.0
85.48479,27.74736,0.0
85.48476,27.74738,0.0
85.48475,27.74738,0.0
85.48472,27.74741,0.0
85.48469,27.74743,0.0
85.48466,27.74746,0.0
85.48463,27.74749,0.0
85.48462,27.7475,0.0
85.48461,27.74752,0.0
85.48459,27.74756,0.0
85.48458,27.7476,0.0
85.48456,27.74763,0.0
85.48456,27.74767,0.0
85.48455,27.74771,0.0
85.48454,27.74777,0.0
85.48453,27.74785,0.0
85.48452,27.74795,0.0
85.48452,27.74798,0.0
85.48452,27.74801,0.0
85.48452,27.74803,0.0
85.48453,27.74805,0.0
85.48455,27.74808,0.0
85.48457,27.7481,0.0
85.48459,27.74812,0.0
85.48462,27.74815,0.0
85.48469,27.74819,0.0
85.48474,27.74821,0.0
85.48477,27.74823,0.0
85.48481,27.74825,0.0
85.48482,27.74826,0.0
85.48483,27.74827,0.0
85.48484,27.74829,0.0
85.48486,27.74831,0.0
85.48486,27.74834,0.0
85.48487,27.74837,0.0
85.48487,27.74839,0.0
85.48487,27.74843,0.0
85.48487,27.74847,0.0
85.48486,27.74852,0.0
85.48484,27.74858,0.0
85.48483,27.74861,0.0
85.48483,27.74863,0.0
85.48483,27.74865,0.0
85.48484,27.74867,0.0
85.48484,27.74868,0.0
85.48485,27.74869,0.0
85.48486,27.7487,0.0
85.48488,27.7487,0.0
85.48489,27.74871,0.0
85.48491,27.74871,0.0
85.48493,27.74871,0.0
85.48494,27.7487,0.0
85.48495,27.7487,0.0
85.48496,27.74869,0.0
85.48497,27.74868,0.0
85.48499,27.74866,0.0
85.48499,27.74865,0.0
85.48503,27.74857,0.0
85.48504,27.74854,0.0
85.48506,27.74851,0.0
85.48506,27.74848,0.0
85.48507,27.74844,0.0
85.48507,27.7484,0.0
85.48508,27.74838,0.0
85.48508,27.74837,0.0
85.48507,27.74835,0.0
85.48507,27.74832,0.0
85.48506,27.74827,0.0
85.48505,27.74822,0.0
85.48505,27.74816,0.0
85.48504,27.74812,0.0
85.48504,27.74807,0.0
85.48505,27.74802,0.0
85.48505,27.74801,0.0
85.48505,27.74796,0.0
85.48506,27.74793,0.0
85.48507,27.7479,0.0
85.48508,27.74788,0.0
85.48509,27.74785,0.0
85.48511,27.74784,0.0
85.48514,27.74781,0.0
85.48516,27.7478,0.0
85.4852,27.74778,0.0
85.48527,27.74776,0.0
85.48539,27.74772,0.0
85.48545,27.7477,0.0
85.48549,27.74768,0.0
85.48557,27.74764,0.0
85.48565,27.74761,0.0
85.48569,27.74759,0.0
85.48572,27.74758,0.0
85.48575,27.74758,0.0
85.48578,27.74757,0.0
85.48585,27.74756,0.0
85.48587,27.74756,0.0
85.48591,27.74755,0.0
85.48595,27.74755,0.0
85.48597,27.74754,0.0
85.48601,27.74753,0.0
85.48604,27.74751,0.0
85.48607,27.7475,0.0
85.4861,27.74748,0.0
85.48614,27.74745,0.0
85.48618,27.74741,0.0
85.48619,27.7474,0.0
85.48623,27.74736,0.0
85.48631,27.74727,0.0
85.48632,27.74726,0.0
85.48637,27.7472,0.0
85.48641,27.74715,0.0
85.48646,27.74709,0.0
85.4865,27.74701,0.0
85.48653,27.74697,0.0
85.48654,27.74695,0.0
85.48656,27.74692,0.0
85.48656,27.74691,0.0
85.48657,27.7469,0.0
85.48658,27.74689,0.0
85.4866,27.74689,0.0
85.48661,27.74688,0.0
85.48663,27.74688,0.0
85.48664,27.74688,0.0
85.48666,27.74688,0.0
85.48668,27.74688,0.0
85.4867,27.74689,0.0
85.48671,27.74689,0.0
85.48672,27.7469,0.0
85.48673,27.74691,0.0
85.48673,27.74692,0.0
85.48673,27.74693,0.0
85.48674,27.74694,0.0
85.48674,27.74696,0.0
85.48673,27.74698,0.0
85.48673,27.74701,0.0
85.48672,27.74704,0.0
85.48671,27.74705,0.0
85.4867,27.74707,0.0
85.48667,27.74712,0.0
85.48665,27.74714,0.0
85.48663,27.74718,0.0
85.4866,27.74721,0.0
85.48658,27.74723,0.0
85.48655,27.74728,0.0
85.4865,27.74735,0.0
85.48644,27.74745,0.0
85.4864,27.74751,0.0
85.4864,27.74752,0.0
85.48631,27.74763,0.0
85.48629,27.74767,0.0
85.48627,27.74769,0.0
85.48625,27.74771,0.0
85.48622,27.74775,0.0
85.48618,27.74778,0.0
85.48611,27.74783,0.0
85.48605,27.74788,0.0
85.48601,27.74792,0.0
85.48596,27.74798,0.0
85.48592,27.74803,0.0
85.48589,27.74808,0.0
85.48588,27.7481,0.0
85.48586,27.74813,0.0
85.48585,27.74816,0.0
85.48585,27.74818,0.0
85.48584,27.7482,0.0
85.48584,27.74823,0.0
85.48584,27.74834,0.0
85.48584,27.7484,0.0
85.48584,27.74843,0.0
85.48584,27.74845,0.0
85.48584,27.7485,0.0
85.48585,27.74853,0.0
85.48586,27.74856,0.0
85.48587,27.74859,0.0
85.48588,27.7486,0.0
85.48589,27.74861,0.0
85.4859,27.74862,0.0
85.48592,27.74862,0.0
85.48593,27.74862,0.0
85.48595,27.74862,0.0
85.48597,27.74862,0.0
85.48599,27.74861,0.0
85.486,27.7486,0.0
85.48602,27.74858,0.0
85.48603,27.74856,0.0
85.48604,27.74854,0.0
85.48604,27.74851,0.0
85.48604,27.74848,0.0
85.48604,27.74843,0.0
85.48604,27.7484,0.0
85.48603,27.74837,0.0
85.48603,27.74834,0.0
85.48603,27.74831,0.0
85.48603,27.74827,0.0
85.48603,27.74824,0.0
85.48604,27.74822,0.0
85.48606,27.7482,0.0
85.48607,27.74818,0.0
85.48614,27.7481,0.0
85.48619,27.74806,0.0
85.48622,27.74803,0.0
85.48624,27.74802,0.0
85.48626,27.74801,0.0
85.48628,27.74801,0.0
85.4863,27.74801,0.0
85.48631,27.74801,0.0
85.48633,27.74801,0.0
85.48634,27.74802,0.0
85.48635,27.74802,0.0
85.48636,27.74803,0.0
85.48636,27.74804,0.0
85.48636,27.74805,0.0
85.48636,27.74807,0.0
85.48636,27.74809,0.0
85.48636,27.74811,0.0
85.48635,27.74813,0.0
85.48633,27.74817,0.0
85.48631,27.74821,0.0
85.48629,27.74825,0.0
85.48625,27.74834,0.0
85.48624,27.74837,0.0
85.48623,27.74839,0.0
85.48623,27.74841,0.0
85.48623,27.74842,0.0
85.48623,27.74844,0.0
85.48624,27.74845,0.0
85.48625,27.74847,0.0
85.48626,27.74848,0.0
85.48627,27.74849,0.0
85.48629,27.7485,0.0
85.4863,27.7485,0.0
85.48631,27.74851,0.0
85.48632,27.74851,0.0
85.48633,27.74851,0.0
85.48635,27.74851,0.0
85.48637,27.7485,0.0
85.48638,27.74849,0.0
85.4864,27.74848,0.0
85.48641,27.74846,0.0
85.48643,27.74845,0.0
85.48644,27.74843,0.0
85.48646,27.74841,0.0
85.48647,27.74838,0.0
85.48648,27.74834,0.0
85.4865,27.74828,0.0
85.48651,27.74822,0.0
85.48653,27.74817,0.0
85.48655,27.74813,0.0
85.48656,27.7481,0.0
85.48659,27.74807,0.0
85.4866,27.74806,0.0
85.48661,27.74804,0.0
85.48664,27.74801,0.0
85.48668,27.74799,0.0
85.48672,27.74796,0.0
85.48679,27.74793,0.0
85.48687,27.74789,0.0
85.48697,27.74785,0.0
85.48705,27.74782,0.0
85.48712,27.7478,0.0
85.4872,27.74777,0.0
85.48725,27.74775,0.0
85.48727,27.74774,0.0
85.48731,27.74773,0.0
85.48734,27.74771,0.0
85.48736,27.74769,0.0
85.48739,27.74766,0.0
85.48743,27.74761,0.0
85.48754,27.74747,0.0
85.48758,27.74741,0.0
85.48763,27.74735,0.0
85.48767,27.74731,0.0
85.4877,27.74728,0.0
85.48772,27.74726,0.0
85.48774,27.74723,0.0
85.48775,27.7472,0.0
85.48776,27.74719,0.0
85.48779,27.74713,0.0
85.48782,27.74708,0.0
85.48785,27.74703,0.0
85.48788,27.74695,0.0
85.4879,27.74692,0.0
85.48793,27.74689,0.0
85.48793,27.74688,0.0
85.48794,27.74687,0.0
85.48796,27.74685,0.0
85.48798,27.74683,0.0
85.48801,27.74682,0.0
85.48803,27.74681,0.0
85.48807,27.74679,0.0
85.48813,27.74678,0.0
85.4882,27.74676,0.0
85.48829,27.74674,0.0
85.4883,27.74674,0.0
85.48833,27.74673,0.0
85.48837,27.74672,0.0
85.4884,27.7467,0.0
85.48842,27.74668,0.0
85.48844,27.74666,0.0
85.48846,27.74663,0.0
85.48847,27.74661,0.0
85.48848,27.74659,0.0
85.48849,27.74654,0.0
85.4885,27.7465,0.0
85.48851,27.74646,0.0
85.48853,27.74643,0.0
85.48855,27.7464,0.0
85.48857,27.74638,0.0
85.4886,27.74636,0.0
85.48863,27.74634,0.0
85.48864,27.74633,0.0
85.48866,27.74632,0.0
85.48867,27.7463,0.0
85.48869,27.74629,0.0
85.48871,27.74628,0.0
85.48874,27.74627,0.0
85.48876,27.74626,0.0
85.48878,27.74626,0.0
85.48881,27.74625,0.0
85.48882,27.74625,0.0
85.48885,27.74625,0.0
85.48887,27.74625,0.0
85.48889,27.74625,0.0
85.48894,27.74626,0.0
85.48899,27.74627,0.0
85.48902,27.74628,0.0
85.48904,27.74628,0.0
85.48909,27.7463,0.0
85.48916,27.74632,0.0
85.48921,27.74635,0.0
85.48922,27.74635,0.0
85.48926,27.74638,0.0
85.48928,27.7464,0.0
85.4893,27.74642,0.0
85.48932,27.74644,0.0
85.48933,27.74647,0.0
85.48933,27.74648,0.0
85.48934,27.7465,0.0
85.48934,27.74653,0.0
85.48935,27.74655,0.0
85.48935,27.7466,0.0
85.48935,27.74664,0.0
85.48935,27.74666,0.0
85.48935,27.74668,0.0
85.48935,27.74673,0.0
85.48936,27.74676,0.0
85.48936,27.74678,0.0
85.48937,27.74681,0.0
85.48941,27.74691,0.0
85.48944,27.74704,0.0
85.48948,27.74721,0.0
85.4895,27.74731,0.0
85.48951,27.74736,0.0
85.48951,27.74739,0.0
85.48951,27.74743,0.0
85.4895,27.74749,0.0
85.48948,27.74757,0.0
85.48946,27.74763,0.0
85.48945,27.74768,0.0
85.48945,27.74772,0.0
85.48945,27.74775,0.0
85.48946,27.74778,0.0
85.48947,27.74781,0.0
85.48949,27.74785,0.0
85.4895,27.74787,0.0
85.48953,27.74789,0.0
85.48956,27.74792,0.0
85.4896,27.74793,0.0
85.48963,27.74794,0.0
85.48966,27.74795,0.0
85.48971,27.74796,0.0
85.48979,27.74797,0.0
85.48992,27.74798,0.0
85.49001,27.74799,0.0
85.49004,27.74799,0.0
85.4901,27.748,0.0
85.49015,27.74801,0.0
85.4902,27.74803,0.0
85.49023,27.74804,0.0
85.49027,27.74805,0.0
85.4903,27.74807,0.0
85.49035,27.74811,0.0
85.49037,27.74812,0.0
85.4904,27.74814,0.0
85.49054,27.74826,0.0
85.49062,27.74833,0.0
85.49068,27.7484,0.0
85.49071,27.74845,0.0
85.49074,27.74849,0.0
85.49078,27.74857,0.0
85.49082,27.74863,0.0
85.49085,27.74867,0.0
85.49088,27.74871,0.0
85.49093,27.74877,0.0
85.491,27.74883,0.0
85.49107,27.74889,0.0
85.49113,27.74892,0.0
85.49115,27.74893,0.0
85.49121,27.74896,0.0
85.49128,27.74898,0.0
85.49135,27.74899,0.0
85.49136,27.74899,0.0
85.49141,27.749,0.0
85.49148,27.74901,0.0
85.49154,27.749,0.0
85.49159,27.749,0.0
85.49168,27.74899,0.0
85.49185,27.74895,0.0
85.49196,27.74892,0.0
85.49204,27.74891,0.0
85.49214,27.74889,0.0
85.49217,27.74889,0.0
85.49221,27.74889,0.0
85.49223,27.7489,0.0
85.49226,27.74892,0.0
85.49233,27.74897,0.0
85.49241,27.74903,0.0
85.49247,27.74907,0.0
85.49252,27.7491,0.0
85.49259,27.74914,0.0
85.49263,27.74915,0.0
85.49268,27.74916,0.0
85.49276,27.74916,0.0
85.49293,27.74918,0.0
85.493,27.74919,0.0
85.49307,27.7492,0.0
85.49319,27.74923,0.0
85.49325,27.74924,0.0
85.49331,27.74926,0.0
85.49338,27.74927,0.0
85.49339,27.74927,0.0
85.49347,27.74928,0.0
85.49355,27.7493,0.0
85.49358,27.74931,0.0
85.49365,27.74933,0.0
85.49366,27.74933,0.0
85.49377,27.74937,0.0
85.49378,27.74937,0.0
85.49388,27.74942,0.0
85.49397,27.74945,0.0
85.49405,27.74947,0.0
85.49412,27.74949,0.0
85.49421,27.7495,0.0
85.49429,27.7495,0.0
85.49435,27.7495,0.0
85.49441,27.7495,0.0
85.49442,27.74949,0.0
85.49447,27.74949,0.0
85.49452,27.74948,0.0
85.49456,27.74947,0.0
85.49462,27.74944,0.0
85.49479,27.74935,0.0
85.49481,27.74934,0.0
85.49501,27.74925,0.0
85.49527,27.74912,0.0
85.49533,27.7491,0.0
85.49539,27.74907,0.0
85.49547,27.74904,0.0
85.49551,27.74902,0.0
85.49552,27.74902,0.0
85.49558,27.74901,0.0
85.49567,27.74899,0.0
85.49571,27.74899,0.0
85.49574,27.74898,0.0
85.49578,27.74898,0.0
85.4958,27.74897,0.0
85.49583,27.74896,0.0
85.49587,27.74894,0.0
85.49592,27.74893,0.0
85.49598,27.74892,0.0
85.49603,27.74892,0.0
85.49611,27.74892,0.0
85.49619,27.74892,0.0
85.49625,27.74892,0.0
85.49629,27.74893,0.0
85.49632,27.74894,0.0
85.49635,27.74895,0.0
85.49638,27.74897,0.0
85.4964,27.74898,0.0
85.49642,27.749,0.0
85.49645,27.74903,0.0
85.49647,27.74907,0.0
85.49651,27.74912,0.0
85.49654,27.74917,0.0
85.49656,27.7492,0.0
85.49661,27.74926,0.0
85.49665,27.74932,0.0
85.49667,27.74933,0.0
85.49669,27.74936,0.0
85.49671,27.74938,0.0
85.49673,27.74941,0.0
85.49675,27.74942,0.0
85.49678,27.74944,0.0
85.49682,27.74945,0.0
85.49684,27.74946,0.0
85.4968382,27.7494583,0.0
85.49683,27.74952,0.0
85.49682,27.74958,0.0
85.49681,27.74961,0.0
85.4968,27.74964,0.0
85.49679,27.74966,0.0
85.49679,27.74967,0.0
85.49675,27.74978,0.0
85.49672,27.74985,0.0
85.49669,27.74995,0.0
85.49668,27.74999,0.0
85.49667,27.75004,0.0
85.49666,27.75008,0.0
85.49664,27.75013,0.0
85.49662,27.75023,0.0
85.49661,27.75031,0.0
85.49659,27.75039,0.0
85.4965944,27.7503873,0.0
85.49661,27.75063,0.0
85.4966,27.75068,0.0
85.4966,27.75069,0.0
85.49657,27.75079,0.0
85.49655,27.75084,0.0
85.49654,27.75085,0.0
85.49649,27.75093,0.0
85.49645,27.75102,0.0
85.49645,27.75103,0.0
85.49644,27.75109,0.0
85.49644,27.75112,0.0
85.49647,27.75119,0.0
85.4965,27.75125,0.0
85.49663,27.75152,0.0
85.49664,27.75152,0.0
85.49665,27.75153,0.0
85.49666,27.75153,0.0
85.49667,27.75153,0.0
85.49669,27.75154,0.0
85.49671,27.75154,0.0
85.49674,27.75153,0.0
85.49677,27.75153,0.0
85.49681,27.75151,0.0
85.49682,27.75151,0.0
85.49684,27.7515,0.0
85.49689,27.75149,0.0
85.49692,27.75148,0.0
85.49693,27.75148,0.0
85.49696,27.75147,0.0
85.49698,27.75147,0.0
85.49701,27.75147,0.0
85.49703,27.75148,0.0
85.49705,27.75149,0.0
85.49708,27.75151,0.0
85.4971,27.75153,0.0
85.49714,27.75158,0.0
85.49725,27.75169,0.0
85.49729,27.75172,0.0
85.49731,27.75173,0.0
85.49733,27.75175,0.0
85.49737,27.75177,0.0
85.49742,27.75179,0.0
85.49747,27.75181,0.0
85.49749,27.75181,0.0
85.49757,27.75182,0.0
85.49769,27.75183,0.0
85.49774,27.75184,0.0
85.49777,27.75184,0.0
85.49778,27.75185,0.0
85.49786,27.75186,0.0
85.4979,27.75187,0.0
85.49793,27.75189,0.0
85.49798,27.75192,0.0
85.49805,27.75197,0.0
85.4981,27.75201,0.0
85.49812,27.75203,0.0
85.49815,27.75206,0.0
85.4982,27.7521,0.0
85.49834,27.75221,0.0
85.49863,27.75245,0.0
85.49872,27.75254,0.0
85.49877,27.75259,0.0
85.49878,27.7526,0.0
85.49881,27.75263,0.0
85.49881,27.75264,0.0
85.49883,27.75267,0.0
85.49888,27.75273,0.0
85.49889,27.75275,0.0
85.49894,27.75281,0.0
85.49899,27.75289,0.0
85.49904,27.75296,0.0
85.49906,27.75301,0.0
85.49908,27.75307,0.0
85.49911,27.75317,0.0
85.49913,27.75325,0.0
85.49915,27.7533,0.0
85.49916,27.75333,0.0
85.49916,27.75336,0.0
85.49919,27.7534,0.0
85.49919,27.75341,0.0
85.49922,27.75345,0.0
85.49923,27.75346,0.0
85.49925,27.75348,0.0
85.49931,27.75355,0.0
85.49932,27.75356,0.0
85.49935,27.7536,0.0
85.49936,27.75363,0.0
85.49937,27.75365,0.0
85.49938,27.75368,0.0
85.49938,27.75372,0.0
85.49938,27.75377,0.0
85.49938,27.75384,0.0
85.49937,27.75387,0.0
85.49937,27.75389,0.0
85.49938,27.75391,0.0
85.49938,27.75393,0.0
85.4994,27.75395,0.0
85.49942,27.75398,0.0
85.4995,27.75408,0.0
85.49954,27.75413,0.0
85.49958,27.75419,0.0
85.49962,27.75426,0.0
85.49964,27.7543,0.0
85.49966,27.75436,0.0
85.49969,27.75443,0.0
85.49971,27.75452,0.0
85.49972,27.75454,0.0
85.49973,27.75456,0.0
85.49975,27.7546,0.0
85.49976,27.75462,0.0
85.49978,27.75465,0.0
85.49981,27.75468,0.0
85.49982,27.7547,0.0
85.49985,27.75474,0.0
85.49989,27.75479,0.0
85.49995,27.75487,0.0
85.50006,27.75502,0.0
85.50009,27.75508,0.0
85.50018,27.75523,0.0
85.50019,27.75523,0.0
85.50024,27.75532,0.0
85.5003,27.75543,0.0
85.50033,27.75547,0.0
85.50036,27.75551,0.0
85.5004,27.75555,0.0
85.50044,27.75559,0.0
85.50047,27.75561,0.0
85.5005,27.75562,0.0
85.50054,27.75564,0.0
85.50058,27.75564,0.0
85.50063,27.75565,0.0
85.50066,27.75565,0.0
85.50071,27.75566,0.0
85.50075,27.75567,0.0
85.50079,27.75568,0.0
85.50081,27.7557,0.0
85.50084,27.75572,0.0
85.50088,27.75577,0.0
85.5009,27.7558,0.0
85.50092,27.75582,0.0
85.50094,27.75586,0.0
85.50094,27.75588,0.0
85.50096,27.75591,0.0
85.50098,27.75598,0.0
85.50102,27.7561,0.0
85.50107,27.75624,0.0
85.50109,27.75631,0.0
85.50114,27.75652,0.0
85.50117,27.75665,0.0
85.50117,27.75666,0.0
85.50118,27.7567,0.0
85.50119,27.75671,0.0
85.5012,27.75675,0.0
85.50122,27.75677,0.0
85.50124,27.75679,0.0
85.50127,27.75682,0.0
85.50132,27.75684,0.0
85.50138,27.75686,0.0
85.50143,27.75687,0.0
85.50145,27.75687,0.0
85.50149,27.75687,0.0
85.50151,27.75687,0.0
85.50155,27.75687,0.0
85.5016,27.75686,0.0
85.50166,27.75684,0.0
85.50173,27.75681,0.0
85.50179,27.75677,0.0
85.50183,27.75674,0.0
85.50189,27.75671,0.0
85.50192,27.7567,0.0
85.50193,27.7567,0.0
85.50195,27.75669,0.0
85.50197,27.75669,0.0
85.50199,27.7567,0.0
85.50202,27.7567,0.0
85.50205,27.75671,0.0
85.50208,27.75673,0.0
85.5021,27.75674,0.0
85.50213,27.75678,0.0
85.50216,27.75681,0.0
85.50218,27.75685,0.0
85.50222,27.75694,0.0
85.50224,27.75698,0.0
85.50231,27.75711,0.0
85.50231,27.75712,0.0
85.50234,27.7572,0.0
85.50235,27.75721,0.0
85.50236,27.75725,0.0
85.50237,27.75729,0.0
85.50238,27.75731,0.0
85.50238,27.75732,0.0
85.50238,27.75734,0.0
85.50239,27.75738,0.0
85.5024,27.75741,0.0
85.50242,27.75744,0.0
85.50243,27.75745,0.0
85.50244,27.75746,0.0
85.50246,27.75748,0.0
85.50249,27.75751,0.0
85.50251,27.75752,0.0
85.50255,27.75755,0.0
85.50259,27.75758,0.0
85.50261,27.75761,0.0
85.50263,27.75765,0.0
85.50265,27.7577,0.0
85.50267,27.75778,0.0
85.50268,27.75781,0.0
85.5027,27.75789,0.0
85.50272,27.75794,0.0
85.50273,27.75798,0.0
85.50275,27.75801,0.0
85.50277,27.75804,0.0
85.5028,27.75807,0.0
85.50284,27.75811,0.0
85.50291,27.75815,0.0
85.50304,27.75823,0.0
85.50308,27.75826,0.0
85.5031,27.75828,0.0
85.50312,27.75831,0.0
85.50314,27.75835,0.0
85.50318,27.75843,0.0
85.50319,27.75846,0.0
85.50319,27.7585,0.0
85.50321,27.75856,0.0
85.50323,27.75864,0.0
85.50327,27.75882,0.0
85.50328,27.75887,0.0
85.50331,27.75898,0.0
85.50334,27.75907,0.0
85.50335,27.75909,0.0
85.50338,27.75915,0.0
85.50338,27.75916,0.0
85.50341,27.75924,0.0
85.50343,27.75925,0.0
85.50347,27.7593,0.0
85.50349,27.75931,0.0
85.5035,27.75932,0.0
85.50354,27.75933,0.0
85.50355,27.75933,0.0
85.50356,27.75933,0.0
85.50358,27.75932,0.0
85.50359,27.75931,0.0
85.50359,27.7593,0.0
85.50359,27.75929,0.0
85.50359,27.75925,0.0
85.50359,27.75923,0.0
85.50353,27.75906,0.0
85.50352,27.75902,0.0
85.50352,27.75898,0.0
85.50351,27.75893,0.0
85.50353,27.75887,0.0
85.50354,27.75886,0.0
85.50356,27.75884,0.0
85.50358,27.75883,0.0
85.50362,27.75883,0.0
85.50366,27.75884,0.0
85.50382,27.75894,0.0
85.50386,27.75896,0.0
85.50388,27.75897,0.0
85.50396,27.75901,0.0
85.50397,27.75902,0.0
85.50402,27.75906,0.0
85.50403,27.75906,0.0
85.50404,27.75908,0.0
85.50405,27.75912,0.0
85.50406,27.75914,0.0
85.50405,27.75916,0.0
85.50405,27.75918,0.0
85.50402,27.75923,0.0
85.50399,27.7593,0.0
85.50399,27.75935,0.0
85.504,27.75937,0.0
85.50404,27.75944,0.0
85.50416,27.75953,0.0
85.50418,27.75954,0.0
85.50434,27.75966,0.0
85.50444,27.75969,0.0
85.5045,27.75971,0.0
85.5045,27.75972,0.0
85.50458,27.75972,0.0
85.50463,27.75972,0.0
85.50466,27.75971,0.0
85.50469,27.7597,0.0
85.50473,27.7597,0.0
85.50477,27.7597,0.0
85.5048,27.75971,0.0
85.50485,27.75972,0.0
85.50489,27.75974,0.0
85.50491,27.75976,0.0
85.50503,27.75987,0.0
85.50509,27.76002,0.0
85.50514,27.76018,0.0
85.50516,27.76021,0.0
85.50521,27.76032,0.0
85.5053,27.76039,0.0
85.50538,27.7604,0.0
85.50544,27.76038,0.0
85.50559,27.76035,0.0
85.50572,27.76034,0.0
85.5059,27.76036,0.0
85.50591,27.76036,0.0
85.50605,27.7604,0.0
85.50616,27.76045,0.0
85.50625,27.7605,0.0
85.50632,27.76051,0.0
85.50633,27.76051,0.0
85.50638,27.7605,0.0
85.50641,27.76049,0.0
85.50642,27.76049,0.0
85.50672,27.76029,0.0
85.50683,27.76021,0.0
85.50699,27.76016,0.0
85.50723,27.76017,0.0
85.50745,27.76018,0.0
85.50767,27.76019,0.0
85.50787,27.76019,0.0
85.50807,27.76019,0.0
85.50818,27.7602,0.0
85.50854,27.76019,0.0
85.50868,27.7602,0.0
85.50883,27.76021,0.0
85.50888,27.76023,0.0
85.50897,27.76025,0.0
85.50915,27.76028,0.0
85.50937,27.76026,0.0
85.50968,27.76021,0.0
85.50975,27.7602,0.0
85.50987,27.76016,0.0
85.50992,27.76015,0.0
85.51005,27.76012,0.0
85.51024,27.76012,0.0
85.51039,27.7602,0.0
85.51045,27.7602,0.0
85.51066,27.76022,0.0
85.5107,27.76023,0.0
85.51081,27.76023,0.0
85.51086,27.76022,0.0
85.51089,27.76021,0.0
85.51108,27.76012,0.0
85.51123,27.76009,0.0
85.51135,27.76007,0.0
85.51141,27.76004,0.0
85.51142,27.76003,0.0
85.51147,27.75999,0.0
85.51158,27.75986,0.0
85.51162,27.75984,0.0
85.51166,27.75982,0.0
85.51168,27.75981,0.0
85.51172,27.75981,0.0
85.51173,27.75981,0.0
85.51177,27.75982,0.0
85.51195,27.75987,0.0
85.51204,27.75987,0.0
85.51241,27.75991,0.0
85.51244,27.75991,0.0
85.51252,27.75993,0.0
85.51259,27.75995,0.0
85.51263,27.75997,0.0
85.51264,27.75997,0.0
85.51277,27.76003,0.0
85.51282,27.76004,0.0
85.51286,27.76004,0.0
85.5129,27.76005,0.0
85.51319,27.76006,0.0
85.51331,27.76009,0.0
85.51335,27.76009,0.0
85.51343,27.76011,0.0
85.5135,27.76013,0.0
85.51362,27.76016,0.0
85.5137,27.76019,0.0
85.51377,27.76021,0.0
85.51383,27.76021,0.0
85.51389,27.76021,0.0
85.51402,27.76021,0.0
85.5141,27.7602,0.0
85.51421,27.76019,0.0
85.51422,27.76019,0.0
85.51428,27.76019,0.0
85.5143,27.7602,0.0
85.51434,27.7602,0.0
85.51439,27.76022,0.0
85.51441,27.76023,0.0
85.51459,27.76029,0.0
85.51464,27.7603,0.0
85.5147,27.76031,0.0
85.51475,27.76032,0.0
85.51479,27.76033,0.0
85.5148,27.76033,0.0
85.51483,27.76034,0.0
85.51489,27.76041,0.0
85.51492,27.76045,0.0
85.51495,27.76056,0.0
85.515,27.76066,0.0
85.51505,27.76069,0.0
85.51514,27.76074,0.0
85.5152,27.76076,0.0
85.51523,27.76076,0.0
85.51527,27.76077,0.0
85.51533,27.76076,0.0
85.51535,27.76075,0.0
85.51536,27.76075,0.0
85.51541,27.76073,0.0
85.5155,27.7607,0.0
85.51554,27.76069,0.0
85.51558,27.76068,0.0
85.51562,27.76066,0.0
85.51566,27.76063,0.0
85.51571,27.76061,0.0
85.51575,27.76059,0.0
85.51579,27.76057,0.0
85.51582,27.76056,0.0
85.51587,27.76055,0.0
85.51591,27.76055,0.0
85.51598,27.76056,0.0
85.51604,27.76056,0.0
85.51614,27.76058,0.0
85.51624,27.76057,0.0
85.51628,27.76056,0.0
85.51631,27.76056,0.0
85.51642,27.76055,0.0
85.51648,27.76056,0.0
85.51658,27.76061,0.0
85.51668,27.76068,0.0
85.51678,27.76075,0.0
85.51679,27.76076,0.0
85.51683,27.76079,0.0
85.51691,27.76087,0.0
85.51693,27.7609,0.0
85.517,27.76098,0.0
85.5172,27.76117,0.0
85.51736,27.76127,0.0
85.51737,27.76128,0.0
85.51751,27.76138,0.0
85.51752,27.76138,0.0
85.51756,27.76141,0.0
85.51767,27.7615,0.0
85.51771,27.76153,0.0
85.51773,27.76154,0.0
85.51781,27.76158,0.0
85.51787,27.76161,0.0
85.51803,27.76167,0.0
85.51805,27.76168,0.0
85.51808,27.76169,0.0
85.51831,27.76176,0.0
85.51837,27.76178,0.0
85.51841,27.76178,0.0
85.51842,27.76178,0.0
85.51847,27.76178,0.0
85.51848,27.76178,0.0
85.51853,27.76178,0.0
85.51858,27.76177,0.0
85.51865,27.76175,0.0
85.51868,27.76172,0.0
85.51872,27.76168,0.0
85.51874,27.76163,0.0
85.51877,27.76153,0.0
85.51877,27.76143,0.0
85.51876,27.7614,0.0
85.51875,27.76129,0.0
85.51875,27.76127,0.0
85.51875,27.76124,0.0
85.51876,27.76123,0.0
85.51881,27.7611,0.0
85.51883,27.76104,0.0
85.5189,27.76098,0.0
85.51893,27.76097,0.0
85.51895,27.76096,0.0
85.51897,27.76096,0.0
85.51898,27.76096,0.0
85.51899,27.76096,0.0
85.519,27.76097,0.0
85.51902,27.76098,0.0
85.51903,27.76099,0.0
85.51904,27.761,0.0
85.51905,27.76102,0.0
85.51905,27.76104,0.0
85.51903,27.76125,0.0
85.51903,27.76129,0.0
85.51904,27.76143,0.0
85.51904,27.76151,0.0
85.51901,27.7616,0.0
85.51899,27.76165,0.0
85.51898,27.76168,0.0
85.51894,27.76178,0.0
85.51892,27.76181,0.0
85.5189,27.76184,0.0
85.51889,27.76189,0.0
85.51889,27.76191,0.0
85.51891,27.76198,0.0
85.51892,27.76199,0.0
85.51895,27.76202,0.0
85.51896,27.76203,0.0
85.51898,27.76204,0.0
85.519,27.76203,0.0
85.51902,27.76203,0.0
85.51903,27.76202,0.0
85.51906,27.762,0.0
85.51907,27.76199,0.0
85.51909,27.76197,0.0
85.51914,27.76187,0.0
85.51922,27.76171,0.0
85.51924,27.76166,0.0
85.51931,27.76154,0.0
85.51933,27.7615,0.0
85.51939,27.76141,0.0
85.5194,27.76138,0.0
85.51949,27.76123,0.0
85.51952,27.7612,0.0
85.51954,27.76118,0.0
85.5196,27.76114,0.0
85.51962,27.76113,0.0
85.51966,27.76113,0.0
85.51973,27.76111,0.0
85.51977,27.76111,0.0
85.5198,27.7611,0.0
85.51983,27.76108,0.0
85.51992,27.76102,0.0
85.51997,27.76097,0.0
85.52001,27.76091,0.0
85.52002,27.7609,0.0
85.52007,27.76078,0.0
85.52008,27.76074,0.0
85.52013,27.76062,0.0
85.52015,27.76058,0.0
85.52016,27.76057,0.0
85.52018,27.76055,0.0
85.5202,27.76053,0.0
85.52022,27.76052,0.0
85.52024,27.76052,0.0
85.52027,27.76053,0.0
85.5203,27.76055,0.0
85.52032,27.76057,0.0
85.52033,27.76057,0.0
85.52033,27.76058,0.0
85.52034,27.7606,0.0
85.52036,27.76065,0.0
85.52037,27.76072,0.0
85.52039,27.76082,0.0
85.52041,27.76086,0.0
85.52045,27.76094,0.0
85.5205,27.76102,0.0
85.52054,27.76105,0.0
85.52054,27.76106,0.0
85.52055,27.76106,0.0
85.52061,27.7611,0.0
85.52065,27.76112,0.0
85.52068,27.76113,0.0
85.52084,27.76116,0.0
85.52098,27.76121,0.0
85.52108,27.76125,0.0
85.52115,27.76132,0.0
85.52118,27.76135,0.0
85.52122,27.76141,0.0
85.52131,27.76156,0.0
85.52132,27.76157,0.0
85.5214,27.76168,0.0
85.52143,27.76172,0.0
85.52148,27.76177,0.0
85.52152,27.7618,0.0
85.52155,27.76182,0.0
85.52162,27.76184,0.0
85.52196,27.76189,0.0
85.52214,27.76191,0.0
85.52218,27.76192,0.0
85.52223,27.76193,0.0
85.52231,27.76198,0.0
85.52242,27.76205,0.0
85.52249,27.76213,0.0
85.5225,27.76213,0.0
85.52269,27.76234,0.0
85.52275,27.76241,0.0
85.52275,27.76242,0.0
85.52286,27.76256,0.0
85.52287,27.76257,0.0
85.52293,27.76262,0.0
85.52295,27.76263,0.0
85.52302,27.76266,0.0
85.52308,27.76266,0.0
85.5232,27.76267,0.0
85.52323,27.76267,0.0
85.52324,27.76267,0.0
85.52343,27.76266,0.0
85.52344,27.76266,0.0
85.52358,27.76265,0.0
85.52362,27.76266,0.0
85.52363,27.76266,0.0
85.5237,27.76268,0.0
85.52373,27.76271,0.0
85.52381,27.76281,0.0
85.52389,27.76291,0.0
85.52389,27.76292,0.0
85.52392,27.76294,0.0
85.52399,27.76302,0.0
85.52412,27.76317,0.0
85.52415,27.76319,0.0
85.5242,27.76323,0.0
85.52428,27.76326,0.0
85.52436,27.76329,0.0
85.52456,27.76333,0.0
85.52464,27.76335,0.0
85.52475,27.7634,0.0
85.52483,27.76346,0.0
85.52486,27.76347,0.0
85.52495,27.76352,0.0
85.52504,27.76356,0.0
85.52509,27.76358,0.0
85.52516,27.7636,0.0
85.52526,27.76362,0.0
85.52538,27.76366,0.0
85.52548,27.76373,0.0
85.52551,27.76374,0.0
85.52552,27.76375,0.0
85.52556,27.76376,0.0
85.52561,27.76377,0.0
85.52565,27.76377,0.0
85.5257,27.76378,0.0
85.52571,27.76377,0.0
85.52579,27.76376,0.0
85.5259,27.76373,0.0
85.52591,27.76373,0.0
85.52606,27.76365,0.0
85.52624,27.76353,0.0
85.52626,27.76352,0.0
85.52634,27.76349,0.0
85.52637,27.76349,0.0
85.5264,27.76349,0.0
85.52644,27.7635,0.0
85.52655,27.76356,0.0
85.52661,27.76359,0.0
85.52664,27.7636,0.0
85.52672,27.76363,0.0
85.52691,27.76369,0.0
85.52701,27.76371,0.0
85.52706,27.76372,0.0
85.52713,27.76373,0.0
85.52719,27.76375,0.0
85.5272,27.76375,0.0
85.52726,27.76376,0.0
85.52735,27.76379,0.0
85.5274,27.76381,0.0
85.5275,27.76386,0.0
85.52774,27.76398,0.0
85.52775,27.76398,0.0
85.52782,27.76399,0.0
85.52787,27.764,0.0
85.52788,27.764,0.0
85.52801,27.764,0.0
85.5281,27.76398,0.0
85.52815,27.76396,0.0
85.52819,27.76394,0.0
85.52821,27.76393,0.0
85.52825,27.7639,0.0
85.52828,27.76387,0.0
85.52834,27.76376,0.0
85.52839,27.7637,0.0
85.52841,27.76369,0.0
85.52844,27.76366,0.0
85.52846,27.76365,0.0
85.52849,27.76365,0.0
85.52851,27.76365,0.0
85.52854,27.76365,0.0
85.52857,27.76366,0.0
85.52858,27.76367,0.0
85.52859,27.76368,0.0
85.52862,27.76369,0.0
85.52865,27.76373,0.0
85.52869,27.76378,0.0
85.52876,27.76392,0.0
85.52878,27.76395,0.0
85.5288,27.76398,0.0
85.5289,27.76405,0.0
85.52896,27.76409,0.0
85.52905,27.76414,0.0
85.52912,27.76417,0.0
85.52925,27.76426,0.0
85.5293,27.76428,0.0
85.52938,27.76432,0.0
85.52941,27.76433,0.0
85.52944,27.76434,0.0
85.52949,27.76435,0.0
85.52956,27.76436,0.0
85.5296,27.76436,0.0
85.52964,27.76436,0.0
85.5297,27.76436,0.0
85.52977,27.76435,0.0
85.52987,27.76434,0.0
85.52989,27.76434,0.0
85.5299,27.76434,0.0
85.53008,27.76435,0.0
85.5301,27.76435,0.0
85.53021,27.76435,0.0
85.53022,27.76435,0.0
85.53028,27.76436,0.0
85.5304,27.76435,0.0
85.5305,27.76433,0.0
85.53059,27.76432,0.0
85.53065,27.76432,0.0
85.53067,27.76434,0.0
85.53071,27.76436,0.0
85.53084,27.76447,0.0
85.53088,27.76449,0.0
85.53094,27.76454,0.0
85.53099,27.76456,0.0
85.531,27.76456,0.0
85.53102,27.76456,0.0
85.5311,27.76458,0.0
85.53137,27.7646,0.0
85.5314,27.76461,0.0
85.53154,27.76462,0.0
85.53157,27.76462,0.0
85.53166,27.76464,0.0
85.53172,27.76465,0.0
85.53177,27.76466,0.0
85.53187,27.76469,0.0
85.53192,27.76469,0.0
85.53196,27.76469,0.0
85.53202,27.76469,0.0
85.53205,27.76467,0.0
85.53209,27.76466,0.0
85.53211,27.76463,0.0
85.53218,27.76455,0.0
85.53222,27.76453,0.0
85.53228,27.76451,0.0
85.53233,27.76451,0.0
85.53239,27.76452,0.0
85.53244,27.76454,0.0
85.53246,27.76455,0.0
85.53249,27.76456,0.0
85.5326,27.76462,0.0
85.53266,27.76465,0.0
85.53282,27.76472,0.0
85.53284,27.76473,0.0
85.53297,27.76478,0.0
85.53309,27.76482,0.0
85.53326,27.76487,0.0
85.5334,27.76488,0.0
85.53342,27.76488,0.0
85.53347,27.76489,0.0
85.53355,27.76489,0.0
85.53365,27.76488,0.0
85.53369,27.76487,0.0
85.5338,27.76485,0.0
85.53391,27.76483,0.0
85.53393,27.76482,0.0
85.53399,27.7648,0.0
85.53407,27.76476,0.0
85.53412,27.76474,0.0
85.53419,27.76468,0.0
85.53432,27.7645,0.0
85.53439,27.76443,0.0
85.53441,27.76443,0.0
85.53444,27.76442,0.0
85.53447,27.76442,0.0
85.53451,27.76443,0.0
85.53455,27.76445,0.0
85.5347,27.76452,0.0
85.53472,27.76453,0.0
85.53489,27.76463,0.0
85.53495,27.76466,0.0
85.53501,27.7647,0.0
85.53507,27.76473,0.0
85.5351,27.76474,0.0
85.53518,27.76476,0.0
85.53526,27.76478,0.0
85.53534,27.76479,0.0
85.53543,27.7648,0.0
85.53546,27.7648,0.0
85.53552,27.7648,0.0
85.53559,27.76479,0.0
85.53565,27.76477,0.0
85.53566,27.76477,0.0
85.53572,27.76475,0.0
85.53574,27.76474,0.0
85.5358,27.76471,0.0
85.53583,27.76468,0.0
85.53596,27.76457,0.0
85.5361,27.76449,0.0
85.53615,27.76448,0.0
85.53616,27.76448,0.0
85.5362,27.76447,0.0
85.53622,27.76447,0.0
85.53634,27.76449,0.0
85.53652,27.76449,0.0
85.53656,27.76449,0.0
85.53659,27.76449,0.0
85.53666,27.76449,0.0
85.53672,27.76449,0.0
85.53678,27.76451,0.0
85.53682,27.76452,0.0
85.53685,27.76453,0.0
85.53687,27.76454,0.0
85.53691,27.76456,0.0
85.53693,27.76458,0.0
85.53695,27.7646,0.0
85.53697,27.76464,0.0
85.53699,27.7647,0.0
85.53701,27.76474,0.0
85.53704,27.76477,0.0
85.53708,27.7648,0.0
85.53712,27.76482,0.0
85.53721,27.76484,0.0
85.53725,27.76486,0.0
85.53737,27.7649,0.0
85.53747,27.76492,0.0
85.53751,27.76492,0.0
85.53755,27.76492,0.0
85.53759,27.76491,0.0
85.53762,27.7649,0.0
85.53763,27.76488,0.0
85.53767,27.76485,0.0
85.53776,27.76476,0.0
85.53777,27.76475,0.0
85.53784,27.76468,0.0
85.53786,27.76467,0.0
85.53788,27.76466,0.0
85.53792,27.76466,0.0
85.53794,27.76466,0.0
85.53796,27.76467,0.0
85.53799,27.76467,0.0
85.53803,27.7647,0.0
85.5382,27.76477,0.0
85.53824,27.76479,0.0
85.53838,27.76486,0.0
85.53839,27.76488,0.0
85.5384,27.76489,0.0
85.53841,27.76494,0.0
85.53842,27.76495,0.0
85.53847,27.76511,0.0
85.53848,27.76512,0.0
85.53854,27.76521,0.0
85.53858,27.76524,0.0
85.53862,27.76526,0.0
85.53865,27.76526,0.0
85.53869,27.76526,0.0
85.53876,27.76526,0.0
85.5388,27.76526,0.0
85.53881,27.76525,0.0
85.53884,27.76525,0.0
85.53896,27.76519,0.0
85.53905,27.76511,0.0
85.53911,27.76504,0.0
85.53912,27.76503,0.0
85.5392,27.76493,0.0
85.53924,27.76491,0.0
85.53925,27.76491,0.0
85.5393,27.7649,0.0
85.53935,27.7649,0.0
85.53939,27.76491,0.0
85.53942,27.76493,0.0
85.53943,27.76494,0.0
85.53944,27.76495,0.0
85.53945,27.76497,0.0
85.53948,27.76499,0.0
85.53949,27.76504,0.0
85.53951,27.76508,0.0
85.53953,27.76512,0.0
85.53958,27.76524,0.0
85.5396,27.76526,0.0
85.53961,27.76528,0.0
85.53968,27.76531,0.0
85.53998,27.76537,0.0
85.54032,27.76545,0.0
85.54038,27.76547,0.0
85.5404,27.76547,0.0
85.54044,27.76548,0.0
85.54048,27.76549,0.0
85.54053,27.76549,0.0
85.54055,27.76549,0.0
85.54058,27.76548,0.0
85.54059,27.76548,0.0
85.54061,27.76547,0.0
85.54065,27.76544,0.0
85.54078,27.76526,0.0
85.54093,27.76504,0.0
85.54103,27.76494,0.0
85.54106,27.76492,0.0
85.54108,27.76491,0.0
85.54114,27.76488,0.0
85.54121,27.76487,0.0
85.54126,27.76487,0.0
85.5413,27.76488,0.0
85.54133,27.7649,0.0
85.54136,27.76495,0.0
85.54137,27.76499,0.0
85.54138,27.76508,0.0
85.54141,27.76517,0.0
85.54146,27.76525,0.0
85.54155,27.76531,0.0
85.54156,27.76531,0.0
85.54164,27.76533,0.0
85.54171,27.76533,0.0
85.54174,27.76532,0.0
85.54175,27.76532,0.0
85.54177,27.7653,0.0
85.5418,27.76527,0.0
85.54182,27.76524,0.0
85.54184,27.76519,0.0
85.54185,27.76517,0.0
85.54185,27.76516,0.0
85.54188,27.76508,0.0
85.54189,27.76504,0.0
85.5419,27.76495,0.0
85.54189,27.76486,0.0
85.54185,27.76472,0.0
85.54184,27.76465,0.0
85.54183,27.76457,0.0
85.54184,27.76455,0.0
85.54184,27.76453,0.0
85.54186,27.76451,0.0
85.54187,27.76449,0.0
85.54189,27.76449,0.0
85.54191,27.76448,0.0
85.54193,27.76449,0.0
85.54195,27.7645,0.0
85.54197,27.76451,0.0
85.54204,27.76458,0.0
85.54204,27.76459,0.0
85.54207,27.76463,0.0
85.54211,27.7647,0.0
85.54215,27.76474,0.0
85.54217,27.76475,0.0
85.5422,27.76477,0.0
85.5423,27.76482,0.0
85.54242,27.76492,0.0
85.54244,27.76493,0.0
85.54246,27.76493,0.0
85.54249,27.76493,0.0
85.54252,27.76492,0.0
85.54254,27.76491,0.0
85.54256,27.76489,0.0
85.54257,27.76486,0.0
85.54257,27.76485,0.0
85.54257,27.76479,0.0
85.54257,27.76478,0.0
85.54255,27.76471,0.0
85.54255,27.76467,0.0
85.54256,27.76464,0.0
85.54257,27.76463,0.0
85.54259,27.7646,0.0
85.54263,27.76458,0.0
85.54264,27.76457,0.0
85.54268,27.76456,0.0
85.54271,27.76456,0.0
85.54275,27.76456,0.0
85.54276,27.76456,0.0
85.54278,27.76456,0.0
85.54283,27.76457,0.0
85.54298,27.76464,0.0
85.54305,27.76468,0.0
85.54311,27.76473,0.0
85.54312,27.76474,0.0
85.54317,27.7648,0.0
85.54322,27.76488,0.0
85.54328,27.76499,0.0
85.54331,27.76504,0.0
85.54332,27.76505,0.0
85.54335,27.76509,0.0
85.54339,27.76513,0.0
85.54343,27.76517,0.0
85.54348,27.7652,0.0
85.54357,27.76525,0.0
85.54366,27.76529,0.0
85.54377,27.76531,0.0
85.54381,27.76531,0.0
85.54383,27.76531,0.0
85.54392,27.7653,0.0
85.54402,27.76529,0.0
85.54403,27.76529,0.0
85.54413,27.76526,0.0
85.5442,27.76522,0.0
85.54426,27.76519,0.0
85.54444,27.76504,0.0
85.54452,27.76498,0.0
85.54454,27.76496,0.0
85.54459,27.76492,0.0
85.54468,27.76482,0.0
85.54473,27.76479,0.0
85.54478,27.76476,0.0
85.54481,27.76476,0.0
85.54483,27.76476,0.0
85.54485,27.76476,0.0
85.54487,27.76476,0.0
85.54488,27.76477,0.0
85.5449,27.76479,0.0
85.54491,27.7648,0.0
85.54492,27.76482,0.0
85.54492,27.76484,0.0
85.54491,27.76487,0.0
85.54491,27.76488,0.0
85.5449,27.76492,0.0
85.54488,27.76495,0.0
85.54481,27.76499,0.0
85.54471,27.76502,0.0
85.54466,27.76505,0.0
85.54464,27.76507,0.0
85.54464,27.76509,0.0
85.54465,27.76511,0.0
85.54466,27.76513,0.0
85.54467,27.76514,0.0
85.54469,27.76514,0.0
85.54474,27.76515,0.0
85.54477,27.76515,0.0
85.54481,27.76514,0.0
85.54482,27.76514,0.0
85.54484,27.76514,0.0
85.54504,27.76509,0.0
85.54508,27.76506,0.0
85.54511,27.76503,0.0
85.54515,27.76497,0.0
85.54515,27.7649,0.0
85.54515,27.7648,0.0
85.54514,27.76459,0.0
85.54514,27.76453,0.0
85.54515,27.7645,0.0
85.54517,27.76448,0.0
85.54518,27.76446,0.0
85.5452,27.76445,0.0
85.54521,27.76445,0.0
85.54522,27.76445,0.0
85.54523,27.76445,0.0
85.54525,27.76445,0.0
85.54528,27.76446,0.0
85.5453,27.76448,0.0
85.54531,27.7645,0.0
85.54532,27.76452,0.0
85.54532,27.76457,0.0
85.54534,27.76484,0.0
85.54536,27.76493,0.0
85.54537,27.76496,0.0
85.54539,27.76498,0.0
85.54542,27.765,0.0
85.54544,27.765,0.0
85.54548,27.76499,0.0
85.5455,27.76498,0.0
85.54551,27.76497,0.0
85.54554,27.76491,0.0
85.54555,27.76485,0.0
85.54555,27.76477,0.0
85.54555,27.76463,0.0
85.5456,27.76451,0.0
85.54565,27.76445,0.0
85.54567,27.76443,0.0
85.54569,27.76441,0.0
85.5457,27.7644,0.0
85.54572,27.7644,0.0
85.54574,27.7644,0.0
85.54576,27.76441,0.0
85.54578,27.76441,0.0
85.54579,27.76442,0.0
85.5458,27.76443,0.0
85.5458,27.76444,0.0
85.54581,27.76446,0.0
85.54584,27.76453,0.0
85.54586,27.76457,0.0
85.54589,27.76459,0.0
85.54591,27.76461,0.0
85.54594,27.76463,0.0
85.54601,27.76464,0.0
85.54606,27.76465,0.0
85.5461,27.76465,0.0
85.54617,27.76465,0.0
85.54619,27.76465,0.0
85.54626,27.76463,0.0
85.54631,27.76462,0.0
85.54637,27.76459,0.0
85.54645,27.76454,0.0
85.5465,27.76451,0.0
85.54663,27.76445,0.0
85.54669,27.76444,0.0
85.54673,27.76443,0.0
85.54681,27.76442,0.0
85.54689,27.76443,0.0
85.54694,27.76443,0.0
85.547,27.76444,0.0
85.54703,27.76445,0.0
85.54709,27.76448,0.0
85.5471,27.7645,0.0
85.54711,27.76452,0.0
85.54712,27.76456,0.0
85.54713,27.76462,0.0
85.54714,27.76469,0.0
85.54714,27.76485,0.0
85.54714,27.76487,0.0
85.54711,27.76504,0.0
85.54709,27.76507,0.0
85.54708,27.7651,0.0
85.54705,27.76513,0.0
85.54704,27.76514,0.0
85.54703,27.76516,0.0
85.54702,27.76518,0.0
85.54702,27.76519,0.0
85.54702,27.7652,0.0
85.54703,27.76521,0.0
85.54703,27.76522,0.0
85.54705,27.76524,0.0
85.54706,27.76524,0.0
85.54708,27.76525,0.0
85.5471,27.76525,0.0
85.54715,27.76524,0.0
85.54718,27.76523,0.0
85.54721,27.76522,0.0
85.54723,27.7652,0.0
85.54725,27.76518,0.0
85.54727,27.76516,0.0
85.54727,27.76513,0.0
85.54728,27.7651,0.0
85.54729,27.76494,0.0
85.5473,27.76489,0.0
85.5473,27.76488,0.0
85.54732,27.76485,0.0
85.54734,27.76482,0.0
85.54739,27.76478,0.0
85.5475,27.76472,0.0
85.54754,27.76471,0.0
85.54762,27.76469,0.0
85.54763,27.76468,0.0
85.54768,27.76468,0.0
85.54773,27.76468,0.0
85.54778,27.76468,0.0
85.54783,27.7647,0.0
85.54792,27.76476,0.0
85.54797,27.76479,0.0
85.54815,27.76488,0.0
85.54822,27.76491,0.0
85.5483,27.76493,0.0
85.54835,27.76494,0.0
85.54837,27.76495,0.0
85.54842,27.76496,0.0
85.54847,27.76495,0.0
85.54848,27.76495,0.0
85.54852,27.76494,0.0
85.54855,27.76492,0.0
85.54856,27.76491,0.0
85.54861,27.76487,0.0
85.54864,27.76484,0.0
85.54867,27.7648,0.0
85.54872,27.76476,0.0
85.54876,27.76474,0.0
85.54878,27.76472,0.0
85.54882,27.7647,0.0
85.54886,27.76466,0.0
85.54889,27.76463,0.0
85.54896,27.7645,0.0
85.54896,27.76446,0.0
85.54897,27.76442,0.0
85.54897,27.76441,0.0
85.54897,27.76435,0.0
85.54897,27.76429,0.0
85.54897,27.76417,0.0
85.54896,27.76406,0.0
85.54896,27.76403,0.0
85.54897,27.76398,0.0
85.54898,27.76392,0.0
85.549,27.76387,0.0
85.549,27.76382,0.0
85.549,27.76377,0.0
85.549,27.76373,0.0
85.54901,27.76369,0.0
85.54902,27.76366,0.0
85.54903,27.76364,0.0
85.54907,27.76352,0.0
85.54909,27.76347,0.0
85.54911,27.76341,0.0
85.54914,27.76336,0.0
85.54914,27.76335,0.0
85.54916,27.76332,0.0
85.54917,27.7633,0.0
85.5492,27.76326,0.0
85.54921,27.76321,0.0
85.54923,27.76317,0.0
85.54924,27.7631,0.0
85.54926,27.76304,0.0
85.54929,27.76298,0.0
85.54931,27.76293,0.0
85.54934,27.7629,0.0
85.54936,27.76286,0.0
85.54937,27.76285,0.0
85.54939,27.76283,0.0
85.54942,27.76281,0.0
85.54946,27.7628,0.0
85.54949,27.7628,0.0
85.54951,27.7628,0.0
85.54954,27.76281,0.0
85.54957,27.76283,0.0
85.54959,27.76286,0.0
85.5496,27.76289,0.0
85.5496,27.76291,0.0
85.5496,27.76295,0.0
85.54958,27.76317,0.0
85.54958,27.76335,0.0
85.54958,27.76337,0.0
85.54959,27.76342,0.0
85.5496,27.76344,0.0
85.54961,27.76346,0.0
85.54963,27.76349,0.0
85.54964,27.7635,0.0
85.54967,27.76353,0.0
85.5497,27.76357,0.0
85.54972,27.76359,0.0
85.54974,27.76361,0.0
85.54975,27.76363,0.0
85.54977,27.76367,0.0
85.54979,27.76369,0.0
85.5498,27.76372,0.0
85.5498,27.76375,0.0
85.54981,27.76377,0.0
85.54983,27.7638,0.0
85.54984,27.76382,0.0
85.5499,27.76389,0.0
85.54993,27.76393,0.0
85.54994,27.764,0.0
85.54994,27.76405,0.0
85.54995,27.76408,0.0
85.54996,27.76411,0.0
85.54997,27.76414,0.0
85.55,27.76416,0.0
85.55004,27.76417,0.0
85.55007,27.76418,0.0
85.55012,27.7642,0.0
85.55016,27.76422,0.0
85.55021,27.76424,0.0
85.55025,27.76427,0.0
85.55027,27.76429,0.0
85.55034,27.76434,0.0
85.55039,27.76442,0.0
85.55042,27.76448,0.0
85.55043,27.76449,0.0
85.55045,27.76453,0.0
85.55047,27.76458,0.0
85.5505,27.76462,0.0
85.55051,27.76463,0.0
85.55062,27.76477,0.0
85.55072,27.76489,0.0
85.55075,27.76492,0.0
85.55078,27.76495,0.0
85.55083,27.76498,0.0
85.55089,27.76502,0.0
85.55094,27.76505,0.0
85.55103,27.7651,0.0
85.55108,27.76513,0.0
85.55113,27.76516,0.0
85.55116,27.76519,0.0
85.55119,27.76521,0.0
85.55122,27.76524,0.0
85.55122,27.76525,0.0
85.55123,27.76527,0.0
85.55124,27.7653,0.0
85.55124,27.76532,0.0
85.55125,27.76533,0.0
85.55125,27.76538,0.0
85.55125,27.76542,0.0
85.55124,27.76545,0.0
85.55123,27.76547,0.0
85.55122,27.76549,0.0
85.55117,27.76556,0.0
85.55115,27.76558,0.0
85.55114,27.7656,0.0
85.55106,27.76568,0.0
85.55102,27.7657,0.0
85.55098,27.76571,0.0
85.55094,27.76572,0.0
85.55088,27.76573,0.0
85.55073,27.76576,0.0
85.55065,27.76578,0.0
85.55061,27.76579,0.0
85.55055,27.76582,0.0
85.55054,27.76583,0.0
85.55052,27.76585,0.0
85.55051,27.76588,0.0
85.5505,27.76591,0.0
85.5505,27.76593,0.0
85.5505,27.76597,0.0
85.55051,27.766,0.0
85.55052,27.76603,0.0
85.55053,27.76607,0.0
85.55056,27.76611,0.0
85.55074,27.76638,0.0
85.55078,27.76648,0.0
85.55081,27.76658,0.0
85.55083,27.76661,0.0
85.55084,27.76665,0.0
85.55088,27.76674,0.0
85.55089,27.76681,0.0
85.55089,27.76684,0.0
85.55089,27.76686,0.0
85.55088,27.76691,0.0
85.55088,27.76692,0.0
85.55086,27.767,0.0
85.55085,27.76702,0.0
85.55085,27.76705,0.0
85.55085,27.76708,0.0
85.55085,27.76712,0.0
85.55083,27.76726,0.0
85.55082,27.76728,0.0
85.55082,27.76729,0.0
85.5508,27.76733,0.0
85.55079,27.76735,0.0
85.55073,27.76747,0.0
85.55066,27.76754,0.0
85.55056,27.76761,0.0
85.55054,27.76762,0.0
85.55053,27.76764,0.0
85.5505,27.76767,0.0
85.5505,27.76769,0.0
85.5505,27.76771,0.0
85.55051,27.76773,0.0
85.55053,27.76774,0.0
85.55055,27.76776,0.0
85.55061,27.76777,0.0
85.55068,27.76777,0.0
85.55086,27.76779,0.0
85.55106,27.7678,0.0
85.55108,27.7678,0.0
85.55109,27.7678,0.0
85.5511,27.7678,0.0
85.55114,27.76779,0.0
85.55121,27.76778,0.0
85.55124,27.76776,0.0
85.55126,27.76775,0.0
85.55127,27.76774,0.0
85.55128,27.76773,0.0
85.55129,27.76771,0.0
85.55134,27.76761,0.0
85.55136,27.76758,0.0
85.5514,27.76753,0.0
85.55144,27.7675,0.0
85.55147,27.76745,0.0
85.55148,27.76743,0.0
85.55148,27.76742,0.0
85.55149,27.7674,0.0
85.55149,27.76737,0.0
85.55151,27.76727,0.0
85.55151,27.76725,0.0
85.55152,27.76712,0.0
85.55152,27.76707,0.0
85.55151,27.76697,0.0
85.55151,27.76695,0.0
85.5515,27.76692,0.0
85.55149,27.76689,0.0
85.55142,27.76676,0.0
85.5514,27.76673,0.0
85.55136,27.76668,0.0
85.55134,27.76665,0.0
85.55132,27.76662,0.0
85.55131,27.76659,0.0
85.5513,27.76658,0.0
85.5513,27.76657,0.0
85.5513,27.76655,0.0
85.5513,27.76654,0.0
85.5513,27.76652,0.0
85.5513,27.76649,0.0
85.55132,27.76646,0.0
85.55135,27.76644,0.0
85.55137,27.76642,0.0
85.55138,27.76642,0.0
85.5514,27.76641,0.0
85.55144,27.76641,0.0
85.55147,27.76641,0.0
85.55157,27.76644,0.0
85.55176,27.76651,0.0
85.55178,27.76651,0.0
85.55206,27.7666,0.0
85.55215,27.76661,0.0
85.55219,27.76662,0.0
85.55224,27.76663,0.0
85.55235,27.76663,0.0
85.55237,27.76664,0.0
85.55247,27.76663,0.0
85.5525,27.76662,0.0
85.55255,27.76661,0.0
85.55259,27.76659,0.0
85.55262,27.76656,0.0
85.55263,27.76654,0.0
85.55266,27.76652,0.0
85.55269,27.76649,0.0
85.5527,27.76649,0.0
85.55276,27.76643,0.0
85.55281,27.76641,0.0
85.55283,27.7664,0.0
85.55289,27.76639,0.0
85.55292,27.76639,0.0
85.55297,27.7664,0.0
85.55301,27.76641,0.0
85.55305,27.76642,0.0
85.55306,27.76643,0.0
85.5531,27.76644,0.0
85.55314,27.76645,0.0
85.55319,27.76646,0.0
85.55326,27.76647,0.0
85.5533,27.76647,0.0
85.55338,27.76648,0.0
85.55342,27.76648,0.0
85.55348,27.76646,0.0
85.55352,27.76645,0.0
85.55357,27.76643,0.0
85.5536,27.76641,0.0
85.55363,27.76639,0.0
85.55366,27.76637,0.0
85.5538,27.76627,0.0
85.55389,27.76621,0.0
85.55396,27.76617,0.0
85.55397,27.76617,0.0
85.55401,27.76615,0.0
85.55407,27.76613,0.0
85.55412,27.76612,0.0
85.55415,27.76612,0.0
85.5542,27.76611,0.0
85.55424,27.76611,0.0
85.55427,27.76611,0.0
85.55434,27.76613,0.0
85.55435,27.76614,0.0
85.55441,27.76616,0.0
85.55444,27.76618,0.0
85.55474,27.76635,0.0
85.554735,27.7663546,0.0
85.55485,27.76649,0.0
85.55493,27.76663,0.0
85.55493,27.76664,0.0
85.55502,27.76683,0.0
85.55504,27.76686,0.0
85.55513,27.767,0.0
85.55515,27.76704,0.0
85.55516,27.76707,0.0
85.55516,27.76712,0.0
85.55516,27.76713,0.0
85.55516,27.76716,0.0
85.55513,27.76749,0.0
85.55513,27.76752,0.0
85.55513,27.7676,0.0
85.55514,27.76764,0.0
85.55514,27.76766,0.0
85.55515,27.76768,0.0
85.55516,27.76769,0.0
85.55517,27.76772,0.0
85.55522,27.76779,0.0
85.55523,27.76783,0.0
85.55524,27.76786,0.0
85.55529,27.76797,0.0
85.5553,27.76804,0.0
85.5553,27.76808,0.0
85.55532,27.76823,0.0
85.55541,27.76851,0.0
85.55541,27.76852,0.0
85.55542,27.76855,0.0
85.55543,27.76857,0.0
85.55548,27.76864,0.0
85.55551,27.76868,0.0
85.55552,27.7687,0.0
85.55553,27.76871,0.0
85.55556,27.76875,0.0
85.55557,27.76876,0.0
85.55558,27.76877,0.0
85.5556,27.76878,0.0
85.55561,27.76878,0.0
85.55563,27.76878,0.0
85.55565,27.76878,0.0
85.55569,27.76877,0.0
85.55572,27.76875,0.0
85.55583,27.76868,0.0
85.55585,27.76866,0.0
85.55595,27.76861,0.0
85.55599,27.7686,0.0
85.55602,27.7686,0.0
85.55604,27.7686,0.0
85.55605,27.7686,0.0
85.55608,27.76861,0.0
85.55609,27.76862,0.0
85.55611,27.76864,0.0
85.55612,27.76867,0.0
85.55614,27.76871,0.0
85.55615,27.76874,0.0
85.55618,27.76884,0.0
85.5562,27.76892,0.0
85.55622,27.76906,0.0
85.55622,27.76907,0.0
85.55623,27.76909,0.0
85.55624,27.76924,0.0
85.55612,27.76958,0.0
85.55607,27.76994,0.0
85.55607,27.76997,0.0
85.55604,27.77015,0.0
85.55604,27.77021,0.0
85.55608,27.77029,0.0
85.55609,27.77032,0.0
85.55611,27.77035,0.0
85.55627,27.77031,0.0
85.55628,27.77031,0.0
85.55658,27.77026,0.0
85.5568,27.77036,0.0
85.55694,27.77042,0.0
85.557,27.77042,0.0
85.55707,27.77043,0.0
85.55716,27.77051,0.0
85.55719,27.77053,0.0
85.55721,27.77054,0.0
85.55728,27.77065,0.0
85.5573,27.77068,0.0
85.55739,27.77081,0.0
85.55742,27.77086,0.0
85.55755,27.77086,0.0
85.55769,27.77083,0.0
85.55772,27.77088,0.0
85.55774,27.7709,0.0
85.55776,27.77093,0.0
85.5578,27.77104,0.0
85.5578,27.77107,0.0
85.55782,27.77113,0.0
85.55777,27.77126,0.0
85.5578,27.77148,0.0
85.55773,27.7716,0.0
85.55761,27.77169,0.0
85.55756,27.77172,0.0
85.55751,27.77184,0.0
85.5575,27.77187,0.0
85.55732,27.77229,0.0
85.55731,27.77235,0.0
85.55731,27.77238,0.0
85.55728,27.77253,0.0
85.55725,27.7727,0.0
85.55715,27.77293,0.0
85.55714,27.77319,0.0
85.55715,27.77326,0.0
85.55718,27.7734,0.0
85.55719,27.77342,0.0
85.55712,27.7735,0.0
85.55705,27.77348,0.0
85.55703,27.77348,0.0
85.55703,27.77347,0.0
85.55701,27.77332,0.0
85.55695,27.77293,0.0
85.55697,27.77278,0.0
85.55697,27.77275,0.0
85.55697,27.77272,0.0
85.55703,27.77258,0.0
85.55702,27.77258,0.0
85.55696,27.77254,0.0
85.55691,27.77257,0.0
85.5569,27.77259,0.0
85.55689,27.77262,0.0
85.55684,27.77276,0.0
85.55681,27.77284,0.0
85.55676,27.77315,0.0
85.55675,27.77323,0.0
85.55679,27.77344,0.0
85.55657,27.77389,0.0
85.55655,27.77397,0.0
85.55654,27.774,0.0
85.55653,27.77404,0.0
85.5566,27.77411,0.0
85.5567,27.77416,0.0
85.55676,27.77412,0.0
85.55679,27.7741,0.0
85.55682,27.77408,0.0
85.5569,27.77403,0.0
85.55693,27.77403,0.0
85.557,27.77401,0.0
85.5571,27.774,0.0
85.55718,27.77393,0.0
85.55733,27.77384,0.0
85.55734,27.77384,0.0
85.55747,27.77387,0.0
85.55753,27.77389,0.0
85.55762,27.77391,0.0
85.55764,27.77394,0.0
85.55768,27.77399,0.0
85.55772,27.77404,0.0
85.55774,27.7741,0.0
85.55777,27.77424,0.0
85.55778,27.77427,0.0
85.55778,27.77433,0.0
85.558,27.77444,0.0
85.55809,27.77465,0.0
85.55806,27.77487,0.0
85.55805,27.77489,0.0
85.55808,27.77492,0.0
85.55813,27.775,0.0
85.55817,27.775,0.0
85.55821,27.775,0.0
85.55837,27.77498,0.0
85.55844,27.77497,0.0
85.55847,27.77497,0.0
85.55855,27.77492,0.0
85.55861,27.77489,0.0
85.55865,27.77487,0.0
85.55866,27.77479,0.0
85.55869,27.77461,0.0
85.55869,27.77459,0.0
85.55875,27.77444,0.0
85.55878,27.77438,0.0
85.55881,27.77431,0.0
85.55883,27.77428,0.0
85.55886,27.77422,0.0
85.55892,27.77411,0.0
85.55893,27.77409,0.0
85.55895,27.77397,0.0
85.55897,27.77394,0.0
85.55901,27.77389,0.0
85.55902,27.77388,0.0
85.5591,27.77387,0.0
85.55912,27.77388,0.0
85.55917,27.77393,0.0
85.55922,27.77396,0.0
85.55927,27.77401,0.0
85.55932,27.77405,0.0
85.55938,27.7741,0.0
85.55947,27.77426,0.0
85.55951,27.77429,0.0
85.55962,27.77437,0.0
85.55973,27.77443,0.0
85.55978,27.77445,0.0
85.55983,27.7745,0.0
85.55987,27.77455,0.0
85.55996,27.77464,0.0
85.55996,27.7747,0.0
85.55997,27.77476,0.0
85.56003,27.77475,0.0
85.5601,27.77474,0.0
85.56016,27.77463,0.0
85.56019,27.77458,0.0
85.56021,27.77454,0.0
85.56022,27.77446,0.0
85.56024,27.7741,0.0
85.56025,27.77405,0.0
85.56025,27.77404,0.0
85.56029,27.77393,0.0
85.56031,27.77388,0.0
85.56032,27.77388,0.0
85.56045,27.77391,0.0
85.56054,27.77393,0.0
85.56063,27.77399,0.0
85.5607,27.77404,0.0
85.56105,27.77414,0.0
85.56106,27.77413,0.0
85.56119,27.77409,0.0
85.56138,27.77403,0.0
85.56164,27.77394,0.0
85.5617,27.77392,0.0
85.56198,27.77384,0.0
85.56202,27.77384,0.0
85.56216,27.77384,0.0
85.56223,27.77385,0.0
85.56228,27.77385,0.0
85.5623,27.77392,0.0
85.56231,27.77398,0.0
85.56232,27.77401,0.0
85.56227,27.77408,0.0
85.56217,27.77424,0.0
85.56216,27.77426,0.0
85.5621,27.77441,0.0
85.56208,27.77444,0.0
85.56184,27.77468,0.0
85.5618,27.77472,0.0
85.56179,27.77473,0.0
85.56163,27.77491,0.0
85.5616,27.77497,0.0
85.56156,27.77502,0.0
85.5615,27.77513,0.0
85.56149,27.77515,0.0
85.56126,27.77542,0.0
85.56112,27.77562,0.0
85.56084,27.77579,0.0
85.56078,27.77582,0.0
85.56071,27.77585,0.0
85.5606,27.77597,0.0
85.56058,27.77611,0.0
85.56056,27.77624,0.0
85.56064,27.77632,0.0
85.56075,27.77654,0.0
85.56082,27.77669,0.0
85.56083,27.7767,0.0
85.56089,27.77684,0.0
85.56103,27.77698,0.0
85.56104,27.777,0.0
85.56107,27.77705,0.0
85.56114,27.77716,0.0
85.56119,27.77725,0.0
85.56121,27.77753,0.0
85.56135,27.77767,0.0
85.56137,27.7777,0.0
85.56142,27.77781,0.0
85.5615,27.77797,0.0
85.56151,27.77797,0.0
85.56157,27.77799,0.0
85.56162,27.778,0.0
85.56182,27.77786,0.0
85.56193,27.7778,0.0
85.56202,27.77784,0.0
85.56212,27.77788,0.0
85.56229,27.77805,0.0
85.56239,27.77801,0.0
85.5625,27.77794,0.0
85.56253,27.77793,0.0
85.56256,27.77794,0.0
85.56267,27.77795,0.0
85.56285,27.77808,0.0
85.5629,27.77812,0.0
85.56296,27.77821,0.0
85.56289,27.77835,0.0
85.56291,27.77839,0.0
85.56296,27.77847,0.0
85.56296,27.77858,0.0
85.56289,27.7787,0.0
85.56293,27.77877,0.0
85.56299,27.77887,0.0
85.56287,27.77903,0.0
85.56285,27.77905,0.0
85.56287,27.77908,0.0
85.56293,27.77919,0.0
85.56294,27.77923,0.0
85.56308,27.77929,0.0
85.5631,27.7793,0.0
85.56315,27.77931,0.0
85.56328,27.77932,0.0
85.56335,27.77933,0.0
85.56354,27.77934,0.0
85.56369,27.77933,0.0
85.56372,27.77933,0.0
85.56375,27.77932,0.0
85.56389,27.77931,0.0
85.56399,27.7793,0.0
85.56408,27.77933,0.0
85.56415,27.77936,0.0
85.56421,27.77938,0.0
85.56426,27.77942,0.0
85.56444,27.77956,0.0
85.56454,27.77968,0.0
85.56457,27.7797,0.0
85.56478,27.77979,0.0
85.5649,27.77984,0.0
85.56517,27.77999,0.0
85.56524,27.78004,0.0
85.56547,27.7802,0.0
85.56551,27.78029,0.0
85.56554,27.78035,0.0
85.56557,27.78042,0.0
85.5656,27.78045,0.0
85.56573,27.78058,0.0
85.56574,27.78059,0.0
85.56588,27.78072,0.0
85.56593,27.78076,0.0
85.56598,27.7808,0.0
85.56603,27.78076,0.0
85.56616,27.78066,0.0
85.56618,27.78064,0.0
85.56621,27.78059,0.0
85.5664,27.78034,0.0
85.56641,27.78033,0.0
85.56652,27.78023,0.0
85.56655,27.78022,0.0
85.56661,27.78019,0.0
85.56669,27.78016,0.0
85.56673,27.78018,0.0
85.56679,27.78021,0.0
85.56687,27.78025,0.0
85.56701,27.78065,0.0
85.56717,27.78062,0.0
85.56718,27.78062,0.0
85.56724,27.7806,0.0
85.56735,27.78056,0.0
85.56737,27.78055,0.0
85.56767,27.78047,0.0
85.56778,27.78035,0.0
85.5679,27.78033,0.0
85.5681,27.78028,0.0
85.56816,27.78026,0.0
85.56823,27.78024,0.0
85.56828,27.78028,0.0
85.56831,27.78031,0.0
85.56824,27.78046,0.0
85.56824,27.78047,0.0
85.56825,27.78068,0.0
85.56845,27.78063,0.0
85.56852,27.78061,0.0
85.56856,27.7806,0.0
85.56884,27.78061,0.0
85.56885,27.78061,0.0
85.56892,27.78063,0.0
85.569,27.78065,0.0
85.56921,27.78064,0.0
85.56924,27.78066,0.0
85.5693,27.78069,0.0
85.56929,27.78078,0.0
85.56918,27.78079,0.0
85.56917,27.78079,0.0
85.56909,27.78077,0.0
85.56905,27.78076,0.0
85.56894,27.78074,0.0
85.56878,27.78074,0.0
85.56877,27.78074,0.0
85.56859,27.78075,0.0
85.56829,27.78081,0.0
85.56825,27.78081,0.0
85.56818,27.7808,0.0
85.56813,27.7808,0.0
85.5681,27.78074,0.0
85.56805,27.78068,0.0
85.56799,27.78063,0.0
85.56795,27.78063,0.0
85.56787,27.78063,0.0
85.56787,27.78064,0.0
85.56783,27.7807,0.0
85.56779,27.78077,0.0
85.56774,27.78085,0.0
85.5676,27.78091,0.0
85.56743,27.78097,0.0
85.56734,27.78099,0.0
85.56724,27.78101,0.0
85.56711,27.78103,0.0
85.56704,27.78105,0.0
85.56701,27.78105,0.0
85.56696,27.78107,0.0
85.56665,27.78116,0.0
85.56663,27.78117,0.0
85.56654,27.78121,0.0
85.56647,27.78124,0.0
85.56629,27.78133,0.0
85.56627,27.78134,0.0
85.56628,27.78149,0.0
85.56641,27.78146,0.0
85.56643,27.78146,0.0
85.56648,27.78144,0.0
85.56667,27.78141,0.0
85.56668,27.78141,0.0
85.56676,27.78143,0.0
85.5668,27.78144,0.0
85.56688,27.78146,0.0
85.56716,27.78134,0.0
85.56725,27.78133,0.0
85.56745,27.78131,0.0
85.56765,27.7813,0.0
85.56768,27.78129,0.0
85.56793,27.78136,0.0
85.56811,27.78136,0.0
85.56825,27.78133,0.0
85.56856,27.78127,0.0
85.56865,27.78126,0.0
85.56882,27.78122,0.0
85.56884,27.78122,0.0
85.56892,27.78125,0.0
85.56896,27.78126,0.0
85.56903,27.78128,0.0
85.56909,27.7813,0.0
85.56933,27.78141,0.0
85.56943,27.78146,0.0
85.56958,27.7814,0.0
85.56963,27.78137,0.0
85.5699,27.78133,0.0
85.57002,27.78131,0.0
85.57005,27.78131,0.0
85.57017,27.78132,0.0
85.57022,27.78132,0.0
85.57054,27.78135,0.0
85.5705421,27.7813534,0.0
85.57051,27.78136,0.0
85.57022,27.78145,0.0
85.56997,27.78154,0.0
85.56994,27.78155,0.0
85.56982,27.78159,0.0
85.56977,27.78164,0.0
85.56965,27.78174,0.0
85.56964,27.78175,0.0
85.56958,27.78182,0.0
85.56955,27.7819,0.0
85.56953,27.78194,0.0
85.56953,27.78207,0.0
85.56953,27.78208,0.0
85.56954,27.7821,0.0
85.56958,27.7822,0.0
85.56967,27.78232,0.0
85.56972,27.78239,0.0
85.56976,27.78242,0.0
85.56982,27.78244,0.0
85.56998,27.78244,0.0
85.57011,27.78245,0.0
85.57016,27.78245,0.0
85.57036,27.78247,0.0
85.57056,27.7825,0.0
85.57061,27.78251,0.0
85.57091,27.7826,0.0
85.57093,27.78261,0.0
85.57113,27.78271,0.0
85.57115,27.78272,0.0
85.57126,27.7828,0.0
85.57126,27.78281,0.0
85.57127,27.78283,0.0
85.57129,27.78293,0.0
85.57128,27.78308,0.0
85.57127,27.78314,0.0
85.57125,27.78328,0.0
85.57125,27.78335,0.0
85.57125,27.78336,0.0
85.57124,27.7835,0.0
85.57123,27.78368,0.0
85.57123,27.78372,0.0
85.57123,27.78374,0.0
85.57121,27.78395,0.0
85.57116,27.78405,0.0
85.57113,27.7841,0.0
85.57107,27.78419,0.0
85.57104,27.78422,0.0
85.57103,27.78423,0.0
85.57098,27.78445,0.0
85.57093,27.78469,0.0
85.57092,27.78471,0.0
85.57092,27.78473,0.0
85.57089,27.78489,0.0
85.57089,27.78492,0.0
85.57087,27.78506,0.0
85.57087,27.7851,0.0
85.57084,27.78524,0.0
85.57083,27.78528,0.0
85.57083,27.78529,0.0
85.57082,27.78552,0.0
85.57081,27.78562,0.0
85.57079,27.78573,0.0
85.57074,27.78588,0.0
85.57069,27.78594,0.0
85.57068,27.78596,0.0
85.57063,27.78602,0.0
85.57048,27.78624,0.0
85.57039,27.78643,0.0
85.57027,27.78663,0.0
85.57013,27.78682,0.0
85.57001,27.78702,0.0
85.57,27.78704,0.0
85.56999,27.78706,0.0
85.56996,27.78719,0.0
85.56995,27.78722,0.0
85.56995,27.78724,0.0
85.56994,27.78741,0.0
85.56995,27.78758,0.0
85.56995,27.78763,0.0
85.56996,27.78766,0.0
85.56997,27.78784,0.0
85.56999,27.78787,0.0
85.5701,27.78792,0.0
85.57024,27.78795,0.0
85.57039,27.78792,0.0
85.57045,27.78791,0.0
85.57052,27.7879,0.0
85.57061,27.78792,0.0
85.57063,27.78795,0.0
85.57066,27.788,0.0
85.57066,27.78813,0.0
85.57067,27.78822,0.0
85.57066,27.7883,0.0
85.57065,27.78847,0.0
85.57065,27.78849,0.0
85.57065,27.78866,0.0
85.57068,27.78882,0.0
85.5707,27.7889,0.0
85.57076,27.78901,0.0
85.57079,27.78908,0.0
85.57082,27.78912,0.0
85.5709,27.78923,0.0
85.57098,27.7893,0.0
85.57109,27.78939,0.0
85.57121,27.78947,0.0
85.57124,27.78949,0.0
85.57128,27.78952,0.0
85.57149,27.78964,0.0
85.57166,27.78974,0.0
85.57179,27.78984,0.0
85.57184,27.78988,0.0
85.57194,27.78997,0.0
85.572,27.79004,0.0
85.5721,27.79015,0.0
85.57227,27.79032,0.0
85.57232,27.79039,0.0
85.57242,27.79052,0.0
85.57259,27.79072,0.0
85.57264,27.79077,0.0
85.57268,27.79082,0.0
85.57277,27.79091,0.0
85.57279,27.79094,0.0
85.57295,27.79109,0.0
85.57303,27.79116,0.0
85.57332,27.79143,0.0
85.57333,27.79144,0.0
85.5735,27.79162,0.0
85.57353,27.79164,0.0
85.57363,27.79176,0.0
85.57366,27.79179,0.0
85.57383,27.79194,0.0
85.57405,27.79216,0.0
85.57415,27.79226,0.0
85.57422,27.79233,0.0
85.57435,27.79248,0.0
85.5744,27.79258,0.0
85.5744,27.79262,0.0
85.5744,27.79266,0.0
85.5744,27.7927,0.0
85.57434,27.79287,0.0
85.57432,27.79297,0.0
85.57431,27.79301,0.0
85.5743,27.79303,0.0
85.57421,27.79316,0.0
85.57412,27.7932,0.0
85.57409,27.79321,0.0
85.57386,27.79333,0.0
85.57385,27.79334,0.0
85.5737,27.79338,0.0
85.57359,27.79341,0.0
85.57352,27.79346,0.0
85.57349,27.79349,0.0
85.57344,27.79352,0.0
85.57339,27.79359,0.0
85.57328,27.79372,0.0
85.57327,27.79374,0.0
85.57319,27.7939,0.0
85.57314,27.794,0.0
85.57312,27.79407,0.0
85.5731,27.79411,0.0
85.57308,27.79418,0.0
85.57307,27.79443,0.0
85.57307,27.79451,0.0
85.57307,27.79466,0.0
85.57304,27.79475,0.0
85.57289,27.79491,0.0
85.57283,27.79499,0.0
85.57274,27.79512,0.0
85.57267,27.79522,0.0
85.57264,27.79525,0.0
85.57252,27.7954,0.0
85.57249,27.79547,0.0
85.57249,27.79552,0.0
85.57249,27.79553,0.0
85.5725,27.79564,0.0
85.57249,27.79571,0.0
85.57248,27.79576,0.0
85.57243,27.79588,0.0
85.57239,27.79597,0.0
85.57229,27.79618,0.0
85.57223,27.79632,0.0
85.57221,27.79638,0.0
85.57218,27.79647,0.0
85.57219,27.79656,0.0
85.57219,27.79669,0.0
85.5722,27.79673,0.0
85.5722,27.79674,0.0
85.57223,27.79693,0.0
85.57225,27.797,0.0
85.57228,27.79709,0.0
85.57232,27.7972,0.0
85.57236,27.79726,0.0
85.5725,27.79745,0.0
85.57258,27.79754,0.0
85.57267,27.79765,0.0
85.57268,27.79767,0.0
85.57279,27.79781,0.0
85.5728,27.79785,0.0
85.57283,27.79793,0.0
85.57285,27.79798,0.0
85.57285,27.79799,0.0
85.57284,27.79801,0.0
85.57283,27.79809,0.0
85.57277,27.79815,0.0
85.57272,27.79819,0.0
85.57261,27.7983,0.0
85.57253,27.79844,0.0
85.57252,27.79846,0.0
85.57252,27.79847,0.0
85.5725,27.79855,0.0
85.57248,27.79861,0.0
85.57246,27.7987,0.0
85.57244,27.79879,0.0
85.57244,27.79881,0.0
85.57243,27.79882,0.0
85.57242,27.79888,0.0
85.57242,27.7989,0.0
85.5724,27.79909,0.0
85.5724,27.79915,0.0
85.57241,27.79926,0.0
85.5724,27.79945,0.0
85.57239,27.79954,0.0
85.57237,27.79964,0.0
85.57233,27.79974,0.0
85.57228,27.79978,0.0
85.57221,27.79985,0.0
85.57211,27.79993,0.0
85.57205,27.79996,0.0
85.57189,27.80007,0.0
85.57175,27.80009,0.0
85.5717,27.8001,0.0
85.57169,27.8001,0.0
85.57154,27.80012,0.0
85.57116,27.80018,0.0
85.57115,27.80018,0.0
85.57089,27.80022,0.0
85.57088,27.80022,0.0
85.57073,27.80024,0.0
85.57066,27.80031,0.0
85.57067,27.80037,0.0
85.57067,27.80041,0.0
85.57068,27.80044,0.0
85.57074,27.80061,0.0
85.57076,27.80067,0.0
85.5708,27.80071,0.0
85.57081,27.80071,0.0
85.57085,27.80075,0.0
85.57086,27.80075,0.0
85.57089,27.80078,0.0
85.57096,27.80082,0.0
85.57113,27.8009,0.0
85.5712,27.80094,0.0
85.57132,27.80102,0.0
85.57135,27.80104,0.0
85.57153,27.80121,0.0
85.57165,27.80131,0.0
85.57176,27.8014,0.0
85.57191,27.80161,0.0
85.57194,27.80176,0.0
85.57198,27.80193,0.0
85.572,27.80203,0.0
85.57202,27.80212,0.0
85.57212,27.80256,0.0
85.57224,27.80304,0.0
85.57232,27.80343,0.0
85.57235,27.80363,0.0
85.57238,27.80375,0.0
85.5724,27.80386,0.0
85.5724,27.80388,0.0
85.57241,27.80393,0.0
85.57244,27.80406,0.0
85.57244,27.80409,0.0
85.57244,27.80425,0.0
85.57242,27.80428,0.0
85.57239,27.80438,0.0
85.57227,27.80459,0.0
85.57222,27.80474,0.0
85.57222,27.80475,0.0
85.57221,27.80479,0.0
85.57218,27.80494,0.0
85.57212,27.80513,0.0
85.57212,27.80514,0.0
85.57207,27.80531,0.0
85.57206,27.80534,0.0
85.57207,27.80544,0.0
85.57207,27.80554,0.0
85.57208,27.80566,0.0
85.57208,27.80567,0.0
85.57214,27.80575,0.0
85.57233,27.80584,0.0
85.57254,27.80596,0.0
85.57256,27.80597,0.0
85.57274,27.80607,0.0
85.57291,27.80617,0.0
85.57305,27.80623,0.0
85.57315,27.80627,0.0
85.57327,27.80637,0.0
85.57333,27.80647,0.0
85.57336,27.80653,0.0
85.5735,27.80661,0.0
85.57355,27.80664,0.0
85.57371,27.80679,0.0
85.57381,27.80684,0.0
85.57392,27.8069,0.0
85.57408,27.80701,0.0
85.5741,27.80704,0.0
85.5742,27.80719,0.0
85.57422,27.80723,0.0
85.57429,27.80739,0.0
85.57432,27.80746,0.0
85.57435,27.80753,0.0
85.57437,27.80756,0.0
85.57439,27.80761,0.0
85.57442,27.80781,0.0
85.57446,27.80788,0.0
85.57452,27.80799,0.0
85.57457,27.80817,0.0
85.57459,27.80839,0.0
85.57459,27.80843,0.0
85.5746,27.80858,0.0
85.57462,27.80875,0.0
85.5746,27.80878,0.0
85.57455,27.80884,0.0
85.57449,27.80891,0.0
85.57449,27.80893,0.0
85.57449,27.80907,0.0
85.57449,27.80908,0.0
85.57444,27.80924,0.0
85.57442,27.80928,0.0
85.57436,27.80941,0.0
85.57434,27.80944,0.0
85.57428,27.80952,0.0
85.57424,27.8096,0.0
85.57423,27.80962,0.0
85.57419,27.80974,0.0
85.57418,27.80977,0.0
85.57412,27.80986,0.0
85.574,27.80998,0.0
85.57395,27.81002,0.0
85.57392,27.81004,0.0
85.57383,27.81011,0.0
85.57362,27.81029,0.0
85.57361,27.81029,0.0
85.57348,27.81036,0.0
85.57344,27.81037,0.0
85.57335,27.8104,0.0
85.5733,27.81044,0.0
85.57327,27.81047,0.0
85.57321,27.81052,0.0
85.57312,27.81067,0.0
85.573,27.81084,0.0
85.57297,27.81089,0.0
85.57296,27.81092,0.0
85.57291,27.81102,0.0
85.57287,27.81108,0.0
85.57286,27.81109,0.0
85.57278,27.81114,0.0
85.57273,27.81116,0.0
85.57269,27.81117,0.0
85.57258,27.81121,0.0
85.57244,27.81128,0.0
85.57234,27.81134,0.0
85.57233,27.81135,0.0
85.57225,27.81139,0.0
85.57219,27.81145,0.0
85.57217,27.81151,0.0
85.57219,27.8116,0.0
85.57219,27.81161,0.0
85.5722,27.81164,0.0
85.57221,27.81172,0.0
85.57227,27.81176,0.0
85.57235,27.81177,0.0
85.57249,27.81169,0.0
85.57262,27.81164,0.0
85.57268,27.81163,0.0
85.57272,27.81163,0.0
85.5728,27.81166,0.0
85.57283,27.81168,0.0
85.57289,27.81173,0.0
85.57295,27.81183,0.0
85.57295,27.81186,0.0
85.57296,27.81194,0.0
85.57295,27.812,0.0
85.57294,27.81212,0.0
85.57291,27.81232,0.0
85.57287,27.8125,0.0
85.5728,27.81268,0.0
85.57271,27.81284,0.0
85.57265,27.81301,0.0
85.57263,27.81307,0.0
85.57259,27.81318,0.0
85.57257,27.81324,0.0
85.57252,27.81342,0.0
85.57251,27.8136,0.0
85.5725,27.81363,0.0
85.57249,27.81383,0.0
85.57245,27.81407,0.0
85.57244,27.81413,0.0
85.57242,27.81425,0.0
85.57241,27.81431,0.0
85.5724,27.81446,0.0
85.57237,27.81459,0.0
85.57236,27.81467,0.0
85.57234,27.81477,0.0
85.57234,27.81481,0.0
85.57234,27.81491,0.0
85.57234,27.81501,0.0
85.57234,27.81504,0.0
85.57241,27.81515,0.0
85.57252,27.81531,0.0
85.57253,27.81532,0.0
85.57253,27.81533,0.0
85.57263,27.81551,0.0
85.57267,27.81566,0.0
85.57269,27.81571,0.0
85.57268,27.81582,0.0
85.57267,27.8159,0.0
85.57265,27.81601,0.0
85.57263,27.81611,0.0
85.5726,27.81624,0.0
85.57259,27.81635,0.0
85.57258,27.81637,0.0
85.57258,27.8164,0.0
85.57259,27.81655,0.0
85.57259,27.81661,0.0
85.5726,27.81673,0.0
85.57261,27.81683,0.0
85.57265,27.81708,0.0
85.57269,27.81726,0.0
85.5727,27.8173,0.0
85.57272,27.81744,0.0
85.57272,27.81748,0.0
85.5727,27.8176,0.0
85.57269,27.81766,0.0
85.57266,27.81778,0.0
85.57267,27.81799,0.0
85.57268,27.81815,0.0
85.57268,27.81818,0.0
85.57263,27.81836,0.0
85.57261,27.81854,0.0
85.5726,27.81857,0.0
85.57257,27.81868,0.0
85.57256,27.81872,0.0
85.57255,27.81875,0.0
85.57253,27.81884,0.0
85.57253,27.81885,0.0
85.57252,27.81892,0.0
85.57252,27.81893,0.0
85.57249,27.81903,0.0
85.57247,27.81912,0.0
85.57246,27.81919,0.0
85.57245,27.81923,0.0
85.57247,27.81938,0.0
85.57248,27.81939,0.0
85.57256,27.81955,0.0
85.57259,27.81961,0.0
85.57261,27.81964,0.0
85.57265,27.81973,0.0
85.57266,27.81996,0.0
85.57264,27.82026,0.0
85.57264,27.82038,0.0
85.57266,27.82044,0.0
85.57269,27.82052,0.0
85.57277,27.82067,0.0
85.57278,27.82069,0.0
85.57285,27.82074,0.0
85.5729,27.82079,0.0
85.57312,27.82091,0.0
85.57318,27.82094,0.0
85.57335,27.82105,0.0
85.57352,27.82114,0.0
85.57353,27.82115,0.0
85.57368,27.82126,0.0
85.57377,27.82135,0.0
85.57384,27.82142,0.0
85.57387,27.82146,0.0
85.57398,27.82161,0.0
85.57402,27.82171,0.0
85.57406,27.82178,0.0
85.57408,27.82183,0.0
85.57409,27.82186,0.0
85.5741,27.82198,0.0
85.57409,27.82204,0.0
85.57405,27.82229,0.0
85.57402,27.82249,0.0
85.57401,27.82257,0.0
85.574,27.82267,0.0
85.57399,27.82275,0.0
85.57399,27.82277,0.0
85.57397,27.82301,0.0
85.57397,27.82313,0.0
85.57396,27.82318,0.0
85.57395,27.8232,0.0
85.57394,27.82328,0.0
85.57394,27.82331,0.0
85.5739,27.8236,0.0
85.57389,27.82363,0.0
85.57387,27.82379,0.0
85.57384,27.82391,0.0
85.57384,27.82392,0.0
85.57374,27.82407,0.0
85.57373,27.82408,0.0
85.57365,27.82428,0.0
85.5736,27.82445,0.0
85.5736,27.82447,0.0
85.57358,27.82459,0.0
85.57357,27.82465,0.0
85.57357,27.82477,0.0
85.57357,27.82482,0.0
85.57358,27.82492,0.0
85.57359,27.82505,0.0
85.5736,27.82531,0.0
85.57361,27.82549,0.0
85.57361,27.8255,0.0
85.57361,27.82556,0.0
85.57363,27.8258,0.0
85.57366,27.82603,0.0
85.57368,27.8262,0.0
85.57368,27.82622,0.0
85.57368,27.82628,0.0
85.57369,27.82651,0.0
85.57371,27.82674,0.0
85.57372,27.82683,0.0
85.57374,27.82715,0.0
85.57375,27.82718,0.0
85.57378,27.8274,0.0
85.57379,27.82746,0.0
85.5738,27.82752,0.0
85.5738,27.82757,0.0
85.57387,27.82783,0.0
85.57387,27.82784,0.0
85.57388,27.82787,0.0
85.57393,27.82811,0.0
85.57395,27.82834,0.0
85.574,27.82852,0.0
85.57424,27.82865,0.0
85.57434,27.8287,0.0
85.57445,27.82875,0.0
85.57463,27.82883,0.0
85.5749,27.82891,0.0
85.5751,27.829,0.0
85.57518,27.82904,0.0
85.57544,27.82919,0.0
85.57546,27.8292,0.0
85.57566,27.82934,0.0
85.57587,27.82948,0.0
85.57599,27.82957,0.0
85.57619,27.82977,0.0
85.57642,27.83001,0.0
85.57655,27.8302,0.0
85.57659,27.83026,0.0
85.57671,27.83057,0.0
85.57673,27.83073,0.0
85.57671,27.83076,0.0
85.57665,27.83085,0.0
85.57664,27.83086,0.0
85.57652,27.831,0.0
85.57651,27.831,0.0
85.57651,27.83101,0.0
85.57647,27.83105,0.0
85.5764,27.83114,0.0
85.5761,27.83144,0.0
85.57598,27.83155,0.0
85.57597,27.83155,0.0
85.57582,27.83168,0.0
85.57579,27.83171,0.0
85.57578,27.83171,0.0
85.57567,27.83178,0.0
85.57566,27.83179,0.0
85.57548,27.83189,0.0
85.57544,27.83191,0.0
85.57534,27.83197,0.0
85.57518,27.83212,0.0
85.57511,27.8322,0.0
85.57507,27.83232,0.0
85.57467,27.83239,0.0
85.57462,27.8324,0.0
85.57451,27.83243,0.0
85.57442,27.83243,0.0
85.5741,27.83245,0.0
85.57401,27.83246,0.0
85.57386,27.83248,0.0
85.57381,27.83248,0.0
85.57375,27.83249,0.0
85.57361,27.8325,0.0
85.57358,27.83251,0.0
85.57313,27.83252,0.0
85.57286,27.8325,0.0
85.57264,27.8325,0.0
85.5726,27.8325,0.0
85.57259,27.8325,0.0
85.57229,27.83253,0.0
85.57219,27.83254,0.0
85.57213,27.83255,0.0
85.57207,27.83255,0.0
85.57199,27.83254,0.0
85.5718,27.83253,0.0
85.57164,27.83249,0.0
85.57145,27.83245,0.0
85.57132,27.83244,0.0
85.57122,27.83244,0.0
85.57095,27.83244,0.0
85.57072,27.83246,0.0
85.57067,27.83247,0.0
85.57052,27.83249,0.0
85.57043,27.8325,0.0
85.57031,27.83252,0.0
85.57011,27.83255,0.0
85.5701,27.83255,0.0
85.56982,27.83265,0.0
85.56973,27.83267,0.0
85.56954,27.83271,0.0
85.56951,27.83272,0.0
85.56945,27.83273,0.0
85.56933,27.83274,0.0
85.56925,27.83275,0.0
85.56919,27.83276,0.0
85.56915,27.83279,0.0
85.56894,27.83295,0.0
85.56882,27.83305,0.0
85.56869,27.83315,0.0
85.56866,27.83317,0.0
85.56852,27.83325,0.0
85.5684,27.83339,0.0
85.5684,27.8334,0.0
85.56835,27.83346,0.0
85.56831,27.83352,0.0
85.5682,27.83364,0.0
85.56817,27.83369,0.0
85.56811,27.8338,0.0
85.56802,27.83399,0.0
85.56795,27.83411,0.0
85.56789,27.83422,0.0
85.56788,27.83423,0.0
85.56782,27.83433,0.0
85.56779,27.83442,0.0
85.56778,27.83444,0.0
85.56772,27.83457,0.0
85.56767,27.83463,0.0
85.56758,27.83472,0.0
85.56748,27.83483,0.0
85.56745,27.83486,0.0
85.56737,27.83496,0.0
85.56735,27.83501,0.0
85.5673,27.8351,0.0
85.56724,27.83523,0.0
85.56718,27.8353,0.0
85.56713,27.83535,0.0
85.56706,27.83541,0.0
85.56695,27.83546,0.0
85.56682,27.83553,0.0
85.56679,27.83554,0.0
85.56659,27.83564,0.0
85.56647,27.83571,0.0
85.56645,27.83572,0.0
85.56632,27.83579,0.0
85.56621,27.83587,0.0
85.56614,27.83592,0.0
85.5661,27.83595,0.0
85.566,27.83603,0.0
85.5659,27.83611,0.0
85.56583,27.83615,0.0
85.56581,27.83616,0.0
85.56574,27.83623,0.0
85.56567,27.83624,0.0
85.56549,27.83633,0.0
85.5653,27.83641,0.0
85.56524,27.83643,0.0
85.56493,27.83656,0.0
85.56476,27.83665,0.0
85.56458,27.83673,0.0
85.5645,27.83677,0.0
85.5644,27.83682,0.0
85.56414,27.83697,0.0
85.56389,27.83712,0.0
85.56388,27.83712,0.0
85.56368,27.83721,0.0
85.56345,27.83733,0.0
85.56335,27.83736,0.0
85.56322,27.83741,0.0
85.56316,27.83744,0.0
85.56302,27.8375,0.0
85.5628,27.83761,0.0
85.5627,27.83766,0.0
85.56249,27.83778,0.0
85.56246,27.8378,0.0
85.5623,27.8379,0.0
85.56213,27.83806,0.0
85.56194,27.83822,0.0
85.56188,27.83829,0.0
85.56179,27.83839,0.0
85.56176,27.83844,0.0
85.56172,27.83849,0.0
85.56164,27.83856,0.0
85.56162,27.83857,0.0
85.56155,27.83863,0.0
85.56149,27.83871,0.0
85.56148,27.83872,0.0
85.56144,27.8388,0.0
85.56139,27.83886,0.0
85.56138,27.83887,0.0
85.56132,27.83891,0.0
85.56124,27.83899,0.0
85.56122,27.839,0.0
85.56117,27.8391,0.0
85.56116,27.83915,0.0
85.56115,27.8392,0.0
85.56112,27.8393,0.0
85.5611,27.83932,0.0
85.56105,27.8394,0.0
85.56101,27.83948,0.0
85.561,27.83949,0.0
85.56092,27.83958,0.0
85.56088,27.83962,0.0
85.56082,27.83968,0.0
85.56076,27.83976,0.0
85.56072,27.83982,0.0
85.5606,27.83989,0.0
85.56046,27.83998,0.0
85.56034,27.84011,0.0
85.56028,27.84017,0.0
85.56021,27.84025,0.0
85.56014,27.84038,0.0
85.56005,27.84058,0.0
85.56004,27.8406,0.0
85.55999,27.84074,0.0
85.55998,27.84077,0.0
85.55993,27.84093,0.0
85.5599,27.84104,0.0
85.55988,27.84108,0.0
85.55981,27.84126,0.0
85.5598,27.84128,0.0
85.5597,27.84148,0.0
85.55961,27.84169,0.0
85.5596,27.8417,0.0
85.55957,27.84175,0.0
85.55955,27.8418,0.0
85.5595,27.84186,0.0
85.55949,27.84188,0.0
85.55943,27.84198,0.0
85.55934,27.84204,0.0
85.55931,27.84206,0.0
85.55922,27.84211,0.0
85.55917,27.84213,0.0
85.55901,27.84219,0.0
85.55898,27.8422,0.0
85.55884,27.84224,0.0
85.55875,27.84227,0.0
85.55865,27.8423,0.0
85.55841,27.84237,0.0
85.55826,27.84241,0.0
85.55807,27.84245,0.0
85.558,27.84246,0.0
85.55778,27.8425,0.0
85.55767,27.84254,0.0
85.55761,27.84256,0.0
85.55756,27.84257,0.0
85.55749,27.84262,0.0
85.55742,27.84266,0.0
85.5573,27.84275,0.0
85.5573,27.84277,0.0
85.55726,27.84289,0.0
85.55726,27.8429,0.0
85.55723,27.84301,0.0
85.55724,27.84318,0.0
85.55723,27.84333,0.0
85.55722,27.8434,0.0
85.55721,27.84342,0.0
85.55719,27.84346,0.0
85.55718,27.84347,0.0
85.55713,27.84353,0.0
85.55706,27.8436,0.0
85.55706,27.84361,0.0
85.557,27.8437,0.0
85.557,27.84373,0.0
85.55697,27.84382,0.0
85.55695,27.84399,0.0
85.55689,27.8441,0.0
85.55688,27.84413,0.0
85.55684,27.84422,0.0
85.55683,27.84424,0.0
85.55672,27.84436,0.0
85.55669,27.84437,0.0
85.55657,27.84448,0.0
85.55639,27.84461,0.0
85.55634,27.84464,0.0
85.55616,27.84475,0.0
85.55601,27.84486,0.0
85.55599,27.84488,0.0
85.55581,27.84499,0.0
85.55569,27.84507,0.0
85.55559,27.84514,0.0
85.55541,27.84526,0.0
85.55538,27.84528,0.0
85.55536,27.84529,0.0
85.55522,27.8454,0.0
85.55505,27.84553,0.0
85.55494,27.8456,0.0
85.55489,27.84564,0.0
85.55486,27.84566,0.0
85.5547,27.84574,0.0
85.55455,27.84583,0.0
85.55452,27.84585,0.0
85.55445,27.84591,0.0
85.5543,27.84604,0.0
85.55415,27.84621,0.0
85.55406,27.84639,0.0
85.55402,27.84652,0.0
85.554,27.84667,0.0
85.55399,27.84669,0.0
85.55399,27.84674,0.0
85.55396,27.84692,0.0
85.55395,27.8471,0.0
85.55395,27.84711,0.0
85.55395,27.84728,0.0
85.55395,27.84744,0.0
85.55395,27.84746,0.0
85.55394,27.84754,0.0
85.55392,27.84762,0.0
85.55387,27.84772,0.0
85.55383,27.8478,0.0
85.55378,27.8479,0.0
85.55373,27.84801,0.0
85.55369,27.84814,0.0
85.55368,27.84814,0.0
85.55367,27.84824,0.0
85.55366,27.84829,0.0
85.55365,27.84832,0.0
85.55362,27.84838,0.0
85.5536,27.84841,0.0
85.55356,27.84847,0.0
85.55355,27.84847,0.0
85.55347,27.8486,0.0
85.55345,27.84863,0.0
85.55341,27.84869,0.0
85.55335,27.84878,0.0
85.55325,27.84891,0.0
85.55323,27.84893,0.0
85.55319,27.84898,0.0
85.55311,27.84906,0.0
85.5531,27.84907,0.0
85.55304,27.84915,0.0
85.553,27.84922,0.0
85.55297,27.84927,0.0
85.5529,27.84938,0.0
85.55287,27.84943,0.0
85.55281,27.84954,0.0
85.55276,27.84963,0.0
85.55273,27.84967,0.0
85.55272,27.8497,0.0
85.55266,27.84983,0.0
85.55262,27.84986,0.0
85.5526,27.84988,0.0
85.55254,27.84993,0.0
85.55251,27.84994,0.0
85.55246,27.84997,0.0
85.55239,27.85,0.0
85.55236,27.85001,0.0
85.55227,27.85004,0.0
85.5521,27.85004,0.0
85.55197,27.85,0.0
85.55196,27.85,0.0
85.55181,27.84998,0.0
85.5516,27.84997,0.0
85.55156,27.84998,0.0
85.55155,27.84998,0.0
85.55149,27.84999,0.0
85.55143,27.85005,0.0
85.5514,27.85008,0.0
85.55134,27.85017,0.0
85.55133,27.85018,0.0
85.55123,27.8503,0.0
85.55121,27.85032,0.0
85.5511,27.85042,0.0
85.55107,27.85045,0.0
85.55103,27.85049,0.0
85.55089,27.85054,0.0
85.55086,27.85056,0.0
85.55066,27.85057,0.0
85.55049,27.85054,0.0
85.55043,27.85053,0.0
85.55041,27.85053,0.0
85.55021,27.85056,0.0
85.55009,27.85058,0.0
85.54989,27.85062,0.0
85.54983,27.85064,0.0
85.54982,27.85064,0.0
85.54934,27.85077,0.0
85.54913,27.85087,0.0
85.54902,27.85093,0.0
85.54895,27.85096,0.0
85.54871,27.85107,0.0
85.54864,27.8511,0.0
85.54859,27.85112,0.0
85.54842,27.85121,0.0
85.54836,27.85124,0.0
85.54831,27.85126,0.0
85.54823,27.85129,0.0
85.54812,27.85133,0.0
85.54805,27.85136,0.0
85.54788,27.85143,0.0
85.54769,27.85154,0.0
85.54765,27.85158,0.0
85.54757,27.85165,0.0
85.54748,27.85168,0.0
85.54742,27.8517,0.0
85.54735,27.85172,0.0
85.54726,27.85175,0.0
85.54718,27.85181,0.0
85.5471,27.85187,0.0
85.54706,27.85195,0.0
85.54704,27.85201,0.0
85.54702,27.85204,0.0
85.54697,27.85211,0.0
85.54694,27.85216,0.0
85.5469,27.85222,0.0
85.54681,27.85244,0.0
85.54678,27.85253,0.0
85.54676,27.85262,0.0
85.54672,27.85281,0.0
85.54664,27.85317,0.0
85.5466353,27.8531651,0.0
85.54662,27.85325,0.0
85.54662,27.85329,0.0
85.54661,27.8534,0.0
85.54659,27.85355,0.0
85.54658,27.85358,0.0
85.54656,27.85367,0.0
85.54655,27.85372,0.0
85.54654,27.85376,0.0
85.54652,27.85379,0.0
85.54649,27.85383,0.0
85.54646,27.85386,0.0
85.54642,27.85393,0.0
85.54641,27.85393,0.0
85.54636,27.85399,0.0
85.54634,27.85401,0.0
85.5463,27.85405,0.0
85.54628,27.85407,0.0
85.54626,27.85408,0.0
85.54613,27.85417,0.0
85.54607,27.85422,0.0
85.54601,27.85428,0.0
85.54596,27.85432,0.0
85.54592,27.85436,0.0
85.54588,27.8544,0.0
85.54584,27.85444,0.0
85.54581,27.85448,0.0
85.54579,27.85452,0.0
85.54577,27.85456,0.0
85.54575,27.8546,0.0
85.54574,27.85461,0.0
85.54569,27.85472,0.0
85.54568,27.85477,0.0
85.54565,27.85484,0.0
85.54564,27.85488,0.0
85.54564,27.85493,0.0
85.54563,27.85498,0.0
85.54563,27.85504,0.0
85.54563,27.8551,0.0
85.54563,27.85512,0.0
85.54563,27.85521,0.0
85.54562,27.8554,0.0
85.54561,27.85546,0.0
85.5456,27.85551,0.0
85.54559,27.85557,0.0
85.54558,27.85561,0.0
85.54555,27.85566,0.0
85.54554,27.85569,0.0
85.54551,27.85572,0.0
85.54545,27.85578,0.0
85.54543,27.8558,0.0
85.54541,27.85583,0.0
85.54537,27.85588,0.0
85.54532,27.85594,0.0
85.54528,27.85599,0.0
85.54522,27.85604,0.0
85.54509,27.85616,0.0
85.545,27.85624,0.0
85.54489,27.85633,0.0
85.54487,27.85634,0.0
85.5448,27.85641,0.0
85.54476,27.85644,0.0
85.54475,27.85646,0.0
85.54474,27.85647,0.0
85.54471,27.85651,0.0
85.5447,27.85654,0.0
85.54469,27.85658,0.0
85.54469,27.85662,0.0
85.54469,27.85663,0.0
85.54468,27.85666,0.0
85.54468,27.8567,0.0
85.54467,27.85675,0.0
85.54466,27.85678,0.0
85.54464,27.85682,0.0
85.54462,27.85685,0.0
85.54458,27.85691,0.0
85.54456,27.85694,0.0
85.54454,27.85696,0.0
85.54453,27.85697,0.0
85.5445,27.857,0.0
85.54446,27.85702,0.0
85.54439,27.85706,0.0
85.54431,27.85711,0.0
85.54427,27.85713,0.0
85.54424,27.85716,0.0
85.54422,27.85717,0.0
85.54421,27.85718,0.0
85.54419,27.8572,0.0
85.54418,27.85724,0.0
85.54417,27.85729,0.0
85.54417,27.85734,0.0
85.54417,27.85739,0.0
85.54417,27.85744,0.0
85.54417,27.85748,0.0
85.54417,27.85754,0.0
85.54416,27.85761,0.0
85.54415,27.85767,0.0
85.54414,27.85771,0.0
85.54413,27.85776,0.0
85.54411,27.85781,0.0
85.54409,27.85785,0.0
85.54408,27.85787,0.0
85.54407,27.85789,0.0
85.54403,27.85794,0.0
85.54398,27.85799,0.0
85.54395,27.85801,0.0
85.54393,27.85803,0.0
85.54386,27.85806,0.0
85.54381,27.85809,0.0
85.54378,27.85812,0.0
85.54374,27.85816,0.0
85.5437,27.8582,0.0
85.54366,27.85825,0.0
85.54354,27.8584,0.0
85.54345,27.85848,0.0
85.5434,27.85853,0.0
85.54338,27.85856,0.0
85.54333,27.85861,0.0
85.54329,27.85866,0.0
85.54328,27.85867,0.0
85.54326,27.8587,0.0
85.54324,27.85874,0.0
85.54323,27.85878,0.0
85.54322,27.85882,0.0
85.54321,27.85888,0.0
85.54319,27.85902,0.0
85.54318,27.85912,0.0
85.54317,27.85919,0.0
85.54315,27.85926,0.0
85.54314,27.85933,0.0
85.54313,27.85937,0.0
85.54313,27.85938,0.0
85.54312,27.8594,0.0
85.5431,27.85944,0.0
85.54308,27.85948,0.0
85.54303,27.85956,0.0
85.54301,27.85962,0.0
85.54299,27.8597,0.0
85.54298,27.85971,0.0
85.54297,27.85976,0.0
85.54296,27.85981,0.0
85.54295,27.85986,0.0
85.54295,27.85991,0.0
85.54295,27.85996,0.0
85.54295,27.86003,0.0
85.54296,27.86007,0.0
85.54296,27.86009,0.0
85.54296,27.86013,0.0
85.54296,27.86018,0.0
85.54295,27.86021,0.0
85.54294,27.86024,0.0
85.54294,27.86026,0.0
85.54292,27.86029,0.0
85.54291,27.86032,0.0
85.54288,27.86034,0.0
85.54285,27.86037,0.0
85.54283,27.86039,0.0
85.54282,27.8604,0.0
85.54278,27.86046,0.0
85.54275,27.8605,0.0
85.54271,27.86055,0.0
85.54269,27.86059,0.0
85.54267,27.86061,0.0
85.54266,27.86063,0.0
85.54265,27.86066,0.0
85.54264,27.86069,0.0
85.54264,27.8607,0.0
85.54263,27.86072,0.0
85.54262,27.86075,0.0
85.54262,27.86079,0.0
85.54263,27.86088,0.0
85.54263,27.86094,0.0
85.54264,27.86115,0.0
85.54264,27.86124,0.0
85.54264,27.86129,0.0
85.54264,27.86133,0.0
85.54263,27.86138,0.0
85.54262,27.86142,0.0
85.54261,27.86142,0.0
85.5426,27.86145,0.0
85.54259,27.8615,0.0
85.54258,27.86155,0.0
85.54258,27.86159,0.0
85.54258,27.86164,0.0
85.54259,27.86172,0.0
85.54259,27.86177,0.0
85.54259,27.86178,0.0
85.5426,27.86183,0.0
85.54263,27.86194,0.0
85.54277,27.86229,0.0
85.5427654,27.8622905,0.0
85.54286,27.86253,0.0
85.54295,27.86273,0.0
85.54302,27.86292,0.0
85.54303,27.86297,0.0
85.54303,27.86298,0.0
85.54304,27.86305,0.0
85.54304,27.8631,0.0
85.54304,27.86315,0.0
85.54304,27.8632,0.0
85.54303,27.86325,0.0
85.54302,27.86328,0.0
85.543,27.86332,0.0
85.54298,27.86336,0.0
85.54292,27.86347,0.0
85.54289,27.86353,0.0
85.54287,27.86358,0.0
85.54284,27.86362,0.0
85.54282,27.86366,0.0
85.5428,27.86369,0.0
85.54278,27.86372,0.0
85.54276,27.86375,0.0
85.54274,27.86378,0.0
85.54273,27.86381,0.0
85.54268,27.86392,0.0
85.54265,27.86397,0.0
85.54259,27.86406,0.0
85.54254,27.86418,0.0
85.5425,27.86423,0.0
85.54247,27.86429,0.0
85.54244,27.86434,0.0
85.54241,27.86438,0.0
85.54239,27.86442,0.0
85.54235,27.86448,0.0
85.54232,27.86453,0.0
85.5423,27.86457,0.0
85.54227,27.8646,0.0
85.54227,27.86461,0.0
85.54225,27.86463,0.0
85.54223,27.86465,0.0
85.54221,27.86466,0.0
85.54216,27.86469,0.0
85.54211,27.86472,0.0
85.5421,27.86472,0.0
85.542,27.86478,0.0
85.54194,27.86481,0.0
85.54191,27.86482,0.0
85.54184,27.86486,0.0
85.54178,27.8649,0.0
85.5417,27.86494,0.0
85.54165,27.86497,0.0
85.54161,27.86499,0.0
85.54159,27.865,0.0
85.54157,27.86502,0.0
85.54154,27.86504,0.0
85.54152,27.86507,0.0
85.5415,27.86512,0.0
85.54149,27.86515,0.0
85.54147,27.86519,0.0
85.54143,27.86526,0.0
85.54139,27.86532,0.0
85.54136,27.86536,0.0
85.54133,27.8654,0.0
85.5413,27.86544,0.0
85.54128,27.86547,0.0
85.54121,27.86552,0.0
85.54111,27.8656,0.0
85.54096,27.86571,0.0
85.54089,27.86575,0.0
85.54082,27.8658,0.0
85.54081,27.8658,0.0
85.54075,27.86585,0.0
85.5407,27.8659,0.0
85.54067,27.86593,0.0
85.54065,27.86595,0.0
85.54059,27.86601,0.0
85.54055,27.86607,0.0
85.54049,27.86614,0.0
85.54042,27.86624,0.0
85.54037,27.86631,0.0
85.54032,27.86637,0.0
85.54031,27.86639,0.0
85.54026,27.86646,0.0
85.54021,27.86652,0.0
85.5402,27.86652,0.0
85.54008,27.86666,0.0
85.54008,27.86667,0.0
85.54007,27.86668,0.0
85.54001,27.86676,0.0
85.53996,27.86682,0.0
85.53991,27.86688,0.0
85.53987,27.86692,0.0
85.5398,27.86696,0.0
85.53966,27.86704,0.0
85.53957,27.86708,0.0
85.53952,27.8671,0.0
85.53948,27.86712,0.0
85.53944,27.86712,0.0
85.5394,27.86713,0.0
85.53925,27.86712,0.0
85.53907,27.86712,0.0
85.53898,27.86713,0.0
85.53884,27.86714,0.0
85.53878,27.86714,0.0
85.53874,27.86715,0.0
85.53871,27.86716,0.0
85.53868,27.86717,0.0
85.53867,27.86718,0.0
85.53865,27.8672,0.0
85.53863,27.86723,0.0
85.53862,27.86725,0.0
85.53861,27.86728,0.0
85.5386,27.86733,0.0
85.53861,27.86753,0.0
85.53864,27.86767,0.0
85.53865,27.86774,0.0
85.53865,27.86776,0.0
85.53867,27.86787,0.0
85.53869,27.86799,0.0
85.53871,27.86809,0.0
85.53871,27.86812,0.0
85.53871,27.86813,0.0
85.53872,27.86817,0.0
85.53873,27.86827,0.0
85.53874,27.86838,0.0
85.53875,27.86842,0.0
85.53876,27.86845,0.0
85.53878,27.86849,0.0
85.53879,27.86852,0.0
85.53881,27.86855,0.0
85.53884,27.8686,0.0
85.53894,27.86873,0.0
85.53896,27.86876,0.0
85.53902,27.86882,0.0
85.53903,27.86883,0.0
85.53909,27.86888,0.0
85.5391,27.86889,0.0
85.53913,27.8689,0.0
85.53916,27.86893,0.0
85.53918,27.86893,0.0
85.53924,27.86896,0.0
85.53928,27.86898,0.0
85.53928,27.86899,0.0
85.53935,27.86902,0.0
85.53936,27.86902,0.0
85.53947,27.86905,0.0
85.53949,27.86905,0.0
85.53955,27.86907,0.0
85.53966,27.8691,0.0
85.53974,27.86912,0.0
85.53975,27.86912,0.0
85.53994,27.86914,0.0
85.54012,27.86917,0.0
85.54022,27.8692,0.0
85.54026,27.86921,0.0
85.54029,27.86921,0.0
85.54034,27.86923,0.0
85.5404,27.86925,0.0
85.54045,27.86927,0.0
85.54047,27.86928,0.0
85.5405,27.86929,0.0
85.54052,27.86931,0.0
85.54054,27.86932,0.0
85.54057,27.86935,0.0
85.54059,27.86937,0.0
85.5406,27.86938,0.0
85.5406,27.86941,0.0
85.5406,27.86943,0.0
85.54059,27.86946,0.0
85.54059,27.86948,0.0
85.54056,27.86954,0.0
85.54052,27.86958,0.0
85.54048,27.86963,0.0
85.54043,27.86969,0.0
85.54035,27.86979,0.0
85.54029,27.86987,0.0
85.54024,27.86996,0.0
85.54023,27.86999,0.0
85.54021,27.87002,0.0
85.54019,27.87007,0.0
85.54018,27.87007,0.0
85.54017,27.8701,0.0
85.54015,27.87013,0.0
85.54014,27.87015,0.0
85.54009,27.87023,0.0
85.54007,27.87026,0.0
85.54005,27.8703,0.0
85.54005,27.87031,0.0
85.54004,27.87033,0.0
85.54003,27.87035,0.0
85.54003,27.87038,0.0
85.54002,27.8704,0.0
85.54002,27.87042,0.0
85.54003,27.87043,0.0
85.54003,27.87045,0.0
85.54003,27.87048,0.0
85.54004,27.87049,0.0
85.54005,27.87053,0.0
85.54012,27.87078,0.0
85.54015,27.87088,0.0
85.54016,27.87092,0.0
85.54016,27.87093,0.0
85.54016,27.87096,0.0
85.54016,27.87099,0.0
85.54016,27.87101,0.0
85.54016,27.87103,0.0
85.54015,27.87107,0.0
85.54014,27.8711,0.0
85.54013,27.87113,0.0
85.54012,27.87113,0.0
85.5401,27.87117,0.0
85.54008,27.8712,0.0
85.54,27.87129,0.0
85.53993,27.87136,0.0
85.5399,27.87141,0.0
85.53986,27.87148,0.0
85.5398,27.87159,0.0
85.53979,27.87161,0.0
85.53977,27.87164,0.0
85.53974,27.8717,0.0
85.53973,27.87172,0.0
85.53972,27.87175,0.0
85.53971,27.87176,0.0
85.53969,27.87181,0.0
85.53963,27.87196,0.0
85.53961,27.87202,0.0
85.5396,27.87206,0.0
85.53959,27.87209,0.0
85.53959,27.87212,0.0
85.53958,27.87215,0.0
85.53958,27.87217,0.0
85.53957,27.87224,0.0
85.53956,27.8723,0.0
85.53956,27.87233,0.0
85.53956,27.87236,0.0
85.53956,27.87241,0.0
85.53957,27.87245,0.0
85.53957,27.87248,0.0
85.53959,27.87255,0.0
85.53962,27.87263,0.0
85.53963,27.87268,0.0
85.53965,27.87273,0.0
85.53965,27.87278,0.0
85.53965,27.8728,0.0
85.53965,27.87281,0.0
85.53965,27.87286,0.0
85.53964,27.87291,0.0
85.53963,27.87294,0.0
85.53963,27.87295,0.0
85.53963,27.87298,0.0
85.53963,27.87301,0.0
85.53963,27.87303,0.0
85.53963,27.87304,0.0
85.53963,27.87308,0.0
85.53964,27.87312,0.0
85.53974,27.87356,0.0
85.53976,27.87363,0.0
85.53977,27.87369,0.0
85.53981,27.87386,0.0
85.53984,27.87401,0.0
85.53984,27.87404,0.0
85.53985,27.87411,0.0
85.53985,27.87416,0.0
85.53985,27.87421,0.0
85.53985,27.87436,0.0
85.53986,27.87445,0.0
85.53987,27.87458,0.0
85.53987,27.87459,0.0
85.53987,27.87463,0.0
85.53987,27.87464,0.0
85.53987,27.8747,0.0
85.53988,27.87476,0.0
85.5399,27.87484,0.0
85.53991,27.87493,0.0
85.53992,27.87494,0.0
85.53993,27.87499,0.0
85.53996,27.87506,0.0
85.53998,27.87511,0.0
85.53998,27.87512,0.0
85.54001,27.8752,0.0
85.54003,27.87525,0.0
85.54004,27.87528,0.0
85.54006,27.87533,0.0
85.54012,27.87551,0.0
85.54016,27.87562,0.0
85.54018,27.87567,0.0
85.54019,27.87569,0.0
85.54024,27.87587,0.0
85.54025,27.87592,0.0
85.54025,27.87595,0.0
85.54024,27.87597,0.0
85.54024,27.87599,0.0
85.54022,27.87604,0.0
85.5402,27.87608,0.0
85.54017,27.87614,0.0
85.54014,27.87618,0.0
85.54012,27.8762,0.0
85.54008,27.87626,0.0
85.54005,27.87629,0.0
85.54001,27.87636,0.0
85.53999,27.8764,0.0
85.53998,27.8764,0.0
85.53997,27.87644,0.0
85.53996,27.87648,0.0
85.53996,27.87653,0.0
85.53997,27.87657,0.0
85.53999,27.87667,0.0
85.54,27.87681,0.0
85.54001,27.87693,0.0
85.54002,27.87695,0.0
85.54002,27.87697,0.0
85.54002,27.87699,0.0
85.54001,27.87702,0.0
85.54,27.87705,0.0
85.53998,27.8771,0.0
85.53996,27.87715,0.0
85.53989,27.8773,0.0
85.53982,27.87746,0.0
85.53978,27.87753,0.0
85.53976,27.87757,0.0
85.53975,27.87761,0.0
85.53975,27.87763,0.0
85.53974,27.87767,0.0
85.53974,27.87771,0.0
85.53974,27.87774,0.0
85.53974,27.87777,0.0
85.53975,27.8778,0.0
85.53975,27.87781,0.0
85.53977,27.87786,0.0
85.53979,27.87791,0.0
85.53982,27.87797,0.0
85.53983,27.87798,0.0
85.53985,27.87803,0.0
85.53986,27.87807,0.0
85.53987,27.87812,0.0
85.53987,27.87816,0.0
85.53987,27.8782,0.0
85.53987,27.87826,0.0
85.53985,27.87834,0.0
85.53984,27.87842,0.0
85.53981,27.8785,0.0
85.53981,27.87855,0.0
85.5398,27.87856,0.0
85.53979,27.87861,0.0
85.53979,27.87866,0.0
85.53979,27.87871,0.0
85.5398,27.87877,0.0
85.53981,27.87885,0.0
85.53982,27.8789,0.0
85.53984,27.87905,0.0
85.53985,27.87908,0.0
85.53987,27.87913,0.0
85.5399,27.87921,0.0
85.53992,27.87925,0.0
85.53994,27.8793,0.0
85.53997,27.87936,0.0
85.54001,27.87943,0.0
85.54005,27.87948,0.0
85.54007,27.87953,0.0
85.5401,27.87957,0.0
85.5401,27.87959,0.0
85.54014,27.87966,0.0
85.54015,27.87973,0.0
85.54015,27.87975,0.0
85.54016,27.8798,0.0
85.54017,27.87988,0.0
85.54018,27.87992,0.0
85.54018,27.87996,0.0
85.54019,27.88001,0.0
85.54019,27.88006,0.0
85.5402,27.8801,0.0
85.54025,27.8802,0.0
85.54028,27.88027,0.0
85.5403,27.88029,0.0
85.54034,27.88038,0.0
85.54036,27.88043,0.0
85.54037,27.88044,0.0
85.54039,27.8805,0.0
85.54041,27.88056,0.0
85.54043,27.88062,0.0
85.54044,27.88066,0.0
85.54045,27.8807,0.0
85.54046,27.88076,0.0
85.54047,27.88078,0.0
85.54048,27.88083,0.0
85.54049,27.88095,0.0
85.54052,27.88114,0.0
85.54055,27.88126,0.0
85.54056,27.88131,0.0
85.54057,27.88134,0.0
85.54058,27.88137,0.0
85.54059,27.88141,0.0
85.54061,27.88144,0.0
85.54063,27.88148,0.0
85.54065,27.88152,0.0
85.54068,27.88157,0.0
85.54072,27.88161,0.0
85.54078,27.88166,0.0
85.54089,27.88176,0.0
85.54092,27.88179,0.0
85.54106,27.88192,0.0
85.54115,27.88199,0.0
85.54125,27.88206,0.0
85.54129,27.88208,0.0
85.54133,27.88211,0.0
85.54139,27.88216,0.0
85.54144,27.8822,0.0
85.54149,27.88225,0.0
85.54152,27.88228,0.0
85.54154,27.8823,0.0
85.54157,27.88233,0.0
85.54157,27.88234,0.0
85.54159,27.88236,0.0
85.54161,27.88238,0.0
85.54163,27.88243,0.0
85.54164,27.88247,0.0
85.54166,27.88251,0.0
85.54166,27.88253,0.0
85.54166,27.88256,0.0
85.54166,27.8826,0.0
85.54166,27.88265,0.0
85.54166,27.88268,0.0
85.54167,27.88271,0.0
85.54167,27.88275,0.0
85.54168,27.8828,0.0
85.54168,27.88284,0.0
85.54168,27.88289,0.0
85.54168,27.88293,0.0
85.54168,27.88295,0.0
85.54168,27.88296,0.0
85.54168,27.88298,0.0
85.54167,27.883,0.0
85.54166,27.88301,0.0
85.54165,27.88303,0.0
85.54163,27.88305,0.0
85.54161,27.88307,0.0
85.54158,27.8831,0.0
85.54155,27.88312,0.0
85.5415,27.88315,0.0
85.54145,27.88318,0.0
85.54139,27.88321,0.0
85.54132,27.88323,0.0
85.54125,27.88326,0.0
85.54123,27.88328,0.0
85.54122,27.88328,0.0
85.54118,27.88331,0.0
85.5411,27.88336,0.0
85.54099,27.88344,0.0
85.54091,27.88349,0.0
85.54077,27.88361,0.0
85.54076,27.88362,0.0
85.54064,27.88372,0.0
85.54062,27.88374,0.0
85.54051,27.88385,0.0
85.54048,27.88388,0.0
85.54042,27.88395,0.0
85.54037,27.884,0.0
85.54035,27.88402,0.0
85.54023,27.88414,0.0
85.54022,27.88415,0.0
85.54021,27.88416,0.0
85.54018,27.88418,0.0
85.54014,27.88421,0.0
85.54014,27.88422,0.0
85.54009,27.88425,0.0
85.54007,27.88428,0.0
85.54006,27.88429,0.0
85.54003,27.88432,0.0
85.53993,27.88441,0.0
85.53986,27.88448,0.0
85.5398,27.88454,0.0
85.53979,27.88455,0.0
85.53978,27.88456,0.0
85.53966,27.88468,0.0
85.53957,27.88475,0.0
85.53954,27.88479,0.0
85.53952,27.88481,0.0
85.5395,27.88484,0.0
85.53948,27.88486,0.0
85.53947,27.88489,0.0
85.53946,27.88492,0.0
85.53945,27.88496,0.0
85.53945,27.88497,0.0
85.53945,27.88501,0.0
85.53944,27.88507,0.0
85.53943,27.88512,0.0
85.53942,27.88515,0.0
85.53941,27.88516,0.0
85.5394,27.88521,0.0
85.53938,27.88524,0.0
85.53937,27.88526,0.0
85.53935,27.88532,0.0
85.53934,27.88534,0.0
85.53931,27.88539,0.0
85.53928,27.88543,0.0
85.53926,27.88547,0.0
85.53925,27.88548,0.0
85.53925,27.88549,0.0
85.53924,27.8855,0.0
85.53921,27.88554,0.0
85.53919,27.88555,0.0
85.53919,27.88556,0.0
85.53915,27.88559,0.0
85.53912,27.88561,0.0
85.53908,27.88563,0.0
85.53904,27.88566,0.0
85.53902,27.88567,0.0
85.53899,27.8857,0.0
85.53897,27.88572,0.0
85.53896,27.88573,0.0
85.53895,27.88575,0.0
85.53893,27.88577,0.0
85.53892,27.88579,0.0
85.5389,27.88582,0.0
85.5389,27.88585,0.0
85.5389,27.88588,0.0
85.5389,27.88589,0.0
85.5389,27.8859,0.0
85.5389,27.88591,0.0
85.53891,27.88592,0.0
85.53892,27.88594,0.0
85.53902,27.88603,0.0
85.53905,27.88605,0.0
85.53909,27.8861,0.0
85.53913,27.88614,0.0
85.53915,27.88617,0.0
85.53916,27.88617,0.0
85.53916,27.88618,0.0
85.53921,27.88624,0.0
85.53923,27.88627,0.0
85.53924,27.88629,0.0
85.53925,27.88631,0.0
85.53925,27.88633,0.0
85.53925,27.88635,0.0
85.53925,27.88636,0.0
85.5392502,27.8863623,0.0
85.53941,27.88637,0.0
85.53941,27.8863666,0.0
85.53942,27.88642,0.0
85.53943,27.88649,0.0
85.53938,27.88659,0.0
85.53929,27.88675,0.0
85.539294,27.8867522,0.0
85.53931,27.88677,0.0
85.5394,27.88693,0.0
85.53944,27.88701,0.0
85.53946,27.88706,0.0
85.53947,27.88708,0.0
85.53948,27.88709,0.0
85.53948,27.88712,0.0
85.53949,27.88716,0.0
85.53949,27.88721,0.0
85.53948,27.88725,0.0
85.53948,27.88726,0.0
85.53947,27.88732,0.0
85.53944,27.8874,0.0
85.53944,27.88743,0.0
85.53941,27.88755,0.0
85.5394,27.88759,0.0
85.5394,27.8876,0.0
85.53935,27.88778,0.0
85.53932,27.88788,0.0
85.5393,27.88794,0.0
85.53928,27.88798,0.0
85.53926,27.88801,0.0
85.53924,27.88805,0.0
85.53913,27.88816,0.0
85.5391,27.8882,0.0
85.53903,27.88829,0.0
85.53896,27.88837,0.0
85.53893,27.88841,0.0
85.53891,27.88844,0.0
85.5389,27.88846,0.0
85.53887,27.8885,0.0
85.53886,27.88852,0.0
85.53885,27.88855,0.0
85.53884,27.88859,0.0
85.53882,27.88864,0.0
85.5388,27.88877,0.0
85.53877,27.88891,0.0
85.53875,27.88909,0.0
85.53873,27.88927,0.0
85.53873,27.8893,0.0
85.53872,27.88933,0.0
85.5387,27.88935,0.0
85.53868,27.88938,0.0
85.53864,27.88944,0.0
85.53857,27.88955,0.0
85.53848,27.88969,0.0
85.53846,27.88972,0.0
85.53839,27.88985,0.0
85.53837,27.8899,0.0
85.53832,27.88999,0.0
85.53828,27.89005,0.0
85.53826,27.89008,0.0
85.53825,27.89011,0.0
85.53824,27.89013,0.0
85.53823,27.89017,0.0
85.53822,27.8902,0.0
85.53822,27.89024,0.0
85.53822,27.89028,0.0
85.53822,27.89031,0.0
85.5382,27.8904,0.0
85.53819,27.89045,0.0
85.53818,27.89048,0.0
85.53817,27.89052,0.0
85.53815,27.89055,0.0
85.53814,27.89057,0.0
85.53812,27.8906,0.0
85.53809,27.89062,0.0
85.53804,27.89065,0.0
85.53803,27.89066,0.0
85.53797,27.89069,0.0
85.53787,27.89074,0.0
85.53786,27.89075,0.0
85.53775,27.89081,0.0
85.53772,27.89083,0.0
85.53769,27.89085,0.0
85.53766,27.89088,0.0
85.53762,27.89092,0.0
85.5376,27.89096,0.0
85.53757,27.89099,0.0
85.53757,27.891,0.0
85.53752,27.89109,0.0
85.5375,27.89115,0.0
85.5375,27.89117,0.0
85.53749,27.8912,0.0
85.53748,27.89125,0.0
85.53748,27.89131,0.0
85.53749,27.89134,0.0
85.53749,27.89137,0.0
85.53751,27.89142,0.0
85.53752,27.89147,0.0
85.53753,27.89148,0.0
85.53755,27.89152,0.0
85.53763,27.89163,0.0
85.53766,27.89167,0.0
85.53775,27.89176,0.0
85.53776,27.89178,0.0
85.53779,27.8918,0.0
85.53779,27.89181,0.0
85.53786,27.89188,0.0
85.53789,27.89192,0.0
85.53791,27.89195,0.0
85.53792,27.89197,0.0
85.53795,27.89201,0.0
85.53796,27.89205,0.0
85.53797,27.89208,0.0
85.53798,27.89212,0.0
85.53799,27.89216,0.0
85.53799,27.8922,0.0
85.53799,27.89224,0.0
85.53798,27.89229,0.0
85.53796,27.89244,0.0
85.53792,27.89255,0.0
85.53791,27.8926,0.0
85.53789,27.89264,0.0
85.53789,27.89265,0.0
85.53789,27.89266,0.0
85.53788,27.89267,0.0
85.53788,27.89268,0.0
85.53789,27.8927,0.0
85.53789,27.89272,0.0
85.5379,27.89273,0.0
85.53792,27.89275,0.0
85.53794,27.89277,0.0
85.53797,27.89278,0.0
85.53799,27.8928,0.0
85.53802,27.89282,0.0
85.53804,27.89284,0.0
85.53807,27.89286,0.0
85.53809,27.89289,0.0
85.53811,27.89292,0.0
85.53811,27.89294,0.0
85.53812,27.89297,0.0
85.53812,27.89309,0.0
85.53812,27.89325,0.0
85.5381,27.89339,0.0
85.53809,27.89346,0.0
85.53807,27.89353,0.0
85.53806,27.8936,0.0
85.53805,27.89364,0.0
85.53804,27.89371,0.0
85.53804,27.89373,0.0
85.53805,27.89376,0.0
85.53806,27.89379,0.0
85.53807,27.89381,0.0
85.53808,27.89383,0.0
85.53809,27.89385,0.0
85.53812,27.89388,0.0
85.53814,27.8939,0.0
85.53821,27.89394,0.0
85.53835,27.89402,0.0
85.53846,27.89408,0.0
85.5385,27.8941,0.0
85.53854,27.89413,0.0
85.53859,27.89417,0.0
85.53862,27.89421,0.0
85.53867,27.89426,0.0
85.53868,27.89427,0.0
85.53869,27.89429,0.0
85.53872,27.89432,0.0
85.53873,27.89433,0.0
85.53877,27.89435,0.0
85.53881,27.89436,0.0
85.53886,27.89436,0.0
85.53895,27.89437,0.0
85.53902,27.89438,0.0
85.53905,27.89439,0.0
85.53909,27.8944,0.0
85.53912,27.89441,0.0
85.53915,27.89443,0.0
85.53917,27.89445,0.0
85.53918,27.89446,0.0
85.53928,27.89462,0.0
85.53939,27.89476,0.0
85.5394,27.89476,0.0
85.53946,27.89484,0.0
85.53951,27.8949,0.0
85.53956,27.89497,0.0
85.53959,27.89501,0.0
85.53966,27.89515,0.0
85.53968,27.8952,0.0
85.5397,27.89523,0.0
85.53975,27.89531,0.0
85.5398,27.89539,0.0
85.53981,27.8954,0.0
85.53984,27.89544,0.0
85.53986,27.89547,0.0
85.53988,27.89549,0.0
85.53991,27.89554,0.0
85.53993,27.89555,0.0
85.53996,27.89559,0.0
85.54,27.89562,0.0
85.54004,27.89566,0.0
85.54005,27.89567,0.0
85.54011,27.8957,0.0
85.54014,27.89572,0.0
85.54016,27.89573,0.0
85.54021,27.89576,0.0
85.54022,27.89577,0.0
85.54031,27.89582,0.0
85.54038,27.89586,0.0
85.54039,27.89587,0.0
85.54044,27.8959,0.0
85.54049,27.89594,0.0
85.54053,27.89597,0.0
85.54063,27.89603,0.0
85.54071,27.89607,0.0
85.54073,27.89609,0.0
85.54074,27.8961,0.0
85.54078,27.89613,0.0
85.5408,27.89615,0.0
85.54082,27.89618,0.0
85.54084,27.89622,0.0
85.54088,27.89635,0.0
85.5409,27.8964,0.0
85.54092,27.89644,0.0
85.54094,27.89647,0.0
85.541,27.89655,0.0
85.541,27.89656,0.0
85.54102,27.8966,0.0
85.54105,27.89663,0.0
85.54107,27.89666,0.0
85.54111,27.89669,0.0
85.54114,27.89671,0.0
85.54118,27.89673,0.0
85.54121,27.89675,0.0
85.54124,27.89678,0.0
85.54126,27.89679,0.0
85.54129,27.89681,0.0
85.5413,27.89684,0.0
85.54132,27.89686,0.0
85.54133,27.89689,0.0
85.54133,27.89691,0.0
85.54134,27.89694,0.0
85.54133,27.89697,0.0
85.54131,27.89702,0.0
85.5413,27.89706,0.0
85.54129,27.89706,0.0
85.54128,27.8971,0.0
85.54127,27.89714,0.0
85.54127,27.89716,0.0
85.54127,27.89721,0.0
85.54127,27.89723,0.0
85.54127,27.89725,0.0
85.54129,27.89727,0.0
85.54131,27.89728,0.0
85.54133,27.8973,0.0
85.54137,27.89732,0.0
85.54143,27.89734,0.0
85.54153,27.89738,0.0
85.54161,27.89742,0.0
85.54167,27.89744,0.0
85.54172,27.89747,0.0
85.54175,27.89749,0.0
85.54177,27.8975,0.0
85.54179,27.89751,0.0
85.5417867,27.8975149,0.0
85.54172,27.89756,0.0
85.54165,27.89761,0.0
85.54163,27.89763,0.0
85.5416,27.89767,0.0
85.54158,27.89769,0.0
85.54154,27.89774,0.0
85.54153,27.89774,0.0
85.54151,27.89778,0.0
85.5415,27.89779,0.0
85.54147,27.89783,0.0
85.54144,27.89789,0.0
85.54142,27.89791,0.0
85.54141,27.89793,0.0
85.54138,27.89798,0.0
85.54134,27.89805,0.0
85.54134,27.89806,0.0
85.54132,27.89809,0.0
85.5413,27.89813,0.0
85.54128,27.89819,0.0
85.54127,27.89822,0.0
85.54127,27.89825,0.0
85.54127,27.89827,0.0
85.54127,27.89829,0.0
85.54127,27.89832,0.0
85.54127,27.89835,0.0
85.54128,27.89839,0.0
85.54129,27.89843,0.0
85.5413,27.89844,0.0
85.54131,27.89849,0.0
85.54138,27.89863,0.0
85.54139,27.89868,0.0
85.5414,27.89872,0.0
85.54141,27.89876,0.0
85.54141,27.89879,0.0
85.54141,27.89883,0.0
85.54141,27.89884,0.0
85.54141,27.89885,0.0
85.54139,27.89888,0.0
85.54138,27.89891,0.0
85.54137,27.89891,0.0
85.54136,27.89893,0.0
85.54134,27.89896,0.0
85.54131,27.89898,0.0
85.54128,27.89903,0.0
85.54127,27.89906,0.0
85.54126,27.89907,0.0
85.54125,27.89911,0.0
85.54124,27.89914,0.0
85.54123,27.89915,0.0
85.54123,27.89916,0.0
85.54124,27.89917,0.0
85.54125,27.89918,0.0
85.54125,27.89919,0.0
85.54126,27.89919,0.0
85.54127,27.89919,0.0
85.54129,27.89919,0.0
85.5413,27.89919,0.0
85.54131,27.89919,0.0
85.54132,27.89918,0.0
85.54132,27.89917,0.0
85.54134,27.89914,0.0
85.54138,27.89907,0.0
85.54143,27.89902,0.0
85.54144,27.899,0.0
85.54146,27.89899,0.0
85.54149,27.89897,0.0
85.54152,27.89896,0.0
85.54156,27.89895,0.0
85.54158,27.89895,0.0
85.54159,27.89895,0.0
85.5416,27.89895,0.0
85.54162,27.89896,0.0
85.54163,27.89896,0.0
85.54164,27.89897,0.0
85.54164,27.89898,0.0
85.54165,27.89899,0.0
85.54166,27.899,0.0
85.54166,27.89901,0.0
85.54166,27.89903,0.0
85.54166,27.89904,0.0
85.5416613,27.8990409,0.0
85.54166,27.89905,0.0
85.54165,27.89906,0.0
85.54164,27.89907,0.0
85.54164,27.89908,0.0
85.54163,27.89908,0.0
85.54161,27.89909,0.0
85.54157,27.89912,0.0
85.54154,27.89914,0.0
85.54152,27.89916,0.0
85.5415,27.89918,0.0
85.54148,27.89921,0.0
85.54145,27.89927,0.0
85.54144,27.8993,0.0
85.54143,27.89932,0.0
85.54143,27.89933,0.0
85.54141,27.89935,0.0
85.5414,27.89937,0.0
85.54139,27.8994,0.0
85.54139,27.89943,0.0
85.54138,27.89947,0.0
85.54137,27.89951,0.0
85.54137,27.89955,0.0
85.54136,27.89958,0.0
85.54135,27.89964,0.0
85.54134,27.89968,0.0
85.54132,27.89972,0.0
85.54131,27.89976,0.0
85.54129,27.8998,0.0
85.54128,27.89983,0.0
85.54125,27.89988,0.0
85.54125,27.89989,0.0
85.54124,27.89993,0.0
85.54122,27.89997,0.0
85.54121,27.89998,0.0
85.5412,27.90001,0.0
85.54119,27.90002,0.0
85.54118,27.90005,0.0
85.54117,27.90006,0.0
85.54114,27.90011,0.0
85.5411,27.90017,0.0
85.54106,27.90023,0.0
85.541,27.90032,0.0
85.54099,27.90034,0.0
85.54096,27.90038,0.0
85.54093,27.90041,0.0
85.5409,27.90045,0.0
85.54087,27.90048,0.0
85.54083,27.90052,0.0
85.54078,27.90056,0.0
85.54074,27.9006,0.0
85.54071,27.90062,0.0
85.54068,27.90064,0.0
85.54065,27.90065,0.0
85.54062,27.90066,0.0
85.5406,27.90068,0.0
85.54058,27.90069,0.0
85.54057,27.9007,0.0
85.54057,27.90071,0.0
85.54057,27.90072,0.0
85.54057,27.90073,0.0
85.54057,27.90074,0.0
85.54057,27.90075,0.0
85.54058,27.90076,0.0
85.54058,27.90077,0.0
85.54059,27.90077,0.0
85.5406,27.90077,0.0
85.54061,27.90077,0.0
85.54063,27.90077,0.0
85.54064,27.90077,0.0
85.54065,27.90077,0.0
85.54067,27.90076,0.0
85.54074,27.90071,0.0
85.5408,27.90067,0.0
85.54083,27.90066,0.0
85.54084,27.90065,0.0
85.54086,27.90064,0.0
85.54088,27.90064,0.0
85.5409,27.90064,0.0
85.54091,27.90064,0.0
85.54092,27.90064,0.0
85.54094,27.90064,0.0
85.54095,27.90064,0.0
85.54095,27.90065,0.0
85.54096,27.90065,0.0
85.54096,27.90066,0.0
85.54097,27.90066,0.0
85.54097,27.90068,0.0
85.54097,27.90069,0.0
85.54096,27.90071,0.0
85.54094,27.90073,0.0
85.54093,27.90074,0.0
85.54091,27.90076,0.0
85.54087,27.90078,0.0
85.54084,27.9008,0.0
85.5408,27.90081,0.0
85.5408,27.90082,0.0
85.54077,27.90083,0.0
85.54076,27.90084,0.0
85.54072,27.90085,0.0
85.54071,27.90086,0.0
85.54066,27.90087,0.0
85.54061,27.90089,0.0
85.54056,27.9009,0.0
85.54051,27.9009,0.0
85.54046,27.90091,0.0
85.5404,27.90092,0.0
85.54038,27.90093,0.0
85.54035,27.90093,0.0
85.54033,27.90094,0.0
85.54031,27.90094,0.0
85.54027,27.90096,0.0
85.54024,27.90097,0.0
85.5402,27.90099,0.0
85.54019,27.90099,0.0
85.54017,27.90101,0.0
85.54015,27.90103,0.0
85.54013,27.90105,0.0
85.54012,27.90108,0.0
85.54011,27.90111,0.0
85.5401,27.90115,0.0
85.5401,27.90118,0.0
85.5401,27.90122,0.0
85.54009,27.90126,0.0
85.54008,27.90129,0.0
85.54008,27.90132,0.0
85.54007,27.90135,0.0
85.54005,27.90138,0.0
85.54003,27.9014,0.0
85.54,27.90143,0.0
85.53996,27.90146,0.0
85.53995,27.90146,0.0
85.53992,27.90149,0.0
85.53991,27.90149,0.0
85.53988,27.90152,0.0
85.53984,27.90154,0.0
85.53982,27.90155,0.0
85.53979,27.90157,0.0
85.53974,27.90159,0.0
85.53969,27.9016,0.0
85.53962,27.90162,0.0
85.53955,27.90165,0.0
85.53952,27.90165,0.0
85.53945,27.90168,0.0
85.53937,27.9017,0.0
85.53936,27.9017,0.0
85.53929,27.90171,0.0
85.53923,27.90172,0.0
85.53917,27.90172,0.0
85.53912,27.90171,0.0
85.53905,27.9017,0.0
85.53904,27.9017,0.0
85.53897,27.90168,0.0
85.53896,27.90168,0.0
85.53876,27.90163,0.0
85.53859,27.90158,0.0
85.53856,27.90158,0.0
85.53853,27.90157,0.0
85.53849,27.90157,0.0
85.53847,27.90156,0.0
85.53845,27.90156,0.0
85.53843,27.90157,0.0
85.53842,27.90157,0.0
85.53841,27.90157,0.0
85.53838,27.90159,0.0
85.53837,27.90161,0.0
85.53836,27.90164,0.0
85.53836,27.90165,0.0
85.53836,27.90167,0.0
85.53837,27.90169,0.0
85.53837,27.9017,0.0
85.53838,27.90171,0.0
85.53842,27.90176,0.0
85.53845,27.9018,0.0
85.53847,27.90184,0.0
85.53848,27.90187,0.0
85.53849,27.90189,0.0
85.5385,27.90193,0.0
85.5385,27.90196,0.0
85.53851,27.902,0.0
85.53851,27.90203,0.0
85.53851,27.90205,0.0
85.53851,27.9021,0.0
85.53851,27.90211,0.0
85.5385,27.90221,0.0
85.53849,27.90229,0.0
85.53848,27.90231,0.0
85.53846,27.90238,0.0
85.53846,27.9024,0.0
85.53844,27.90246,0.0
85.53843,27.90249,0.0
85.53839,27.90259,0.0
85.53838,27.90263,0.0
85.53836,27.90269,0.0
85.53834,27.90273,0.0
85.53832,27.90276,0.0
85.5383,27.90279,0.0
85.5383,27.9028,0.0
85.53826,27.90284,0.0
85.53823,27.90288,0.0
85.53819,27.90294,0.0
85.53819,27.90295,0.0
85.53816,27.903,0.0
85.53813,27.90304,0.0
85.5381,27.90307,0.0
85.53807,27.90309,0.0
85.53801,27.90313,0.0
85.53797,27.90316,0.0
85.53792,27.90319,0.0
85.5379,27.9032,0.0
85.53786,27.90322,0.0
85.53783,27.90324,0.0
85.5378,27.90328,0.0
85.53777,27.90332,0.0
85.53773,27.90338,0.0
85.53771,27.90344,0.0
85.53764,27.9036,0.0
85.53762,27.90366,0.0
85.53761,27.90368,0.0
85.53759,27.90372,0.0
85.53757,27.90375,0.0
85.53755,27.90378,0.0
85.53754,27.90381,0.0
85.53752,27.90383,0.0
85.53751,27.90384,0.0
85.5375,27.90387,0.0
85.5375,27.9039,0.0
85.53749,27.90392,0.0
85.53749,27.90394,0.0
85.5375,27.90398,0.0
85.5375,27.90399,0.0
85.5375,27.90401,0.0
85.53751,27.90404,0.0
85.53752,27.90407,0.0
85.53753,27.90409,0.0
85.53754,27.90413,0.0
85.53757,27.90424,0.0
85.53759,27.90437,0.0
85.53759,27.90445,0.0
85.5376,27.90451,0.0
85.5376,27.90455,0.0
85.53761,27.90459,0.0
85.53762,27.90463,0.0
85.53762,27.90467,0.0
85.53763,27.90471,0.0
85.53763,27.90474,0.0
85.53763,27.9048,0.0
85.53764,27.90491,0.0
85.53766,27.90505,0.0
85.53766,27.90508,0.0
85.53766,27.90515,0.0
85.53765,27.90519,0.0
85.53765,27.90523,0.0
85.53764,27.90526,0.0
85.53763,27.9053,0.0
85.53762,27.90533,0.0
85.53761,27.90534,0.0
85.5376,27.90536,0.0
85.53759,27.90539,0.0
85.53757,27.90542,0.0
85.53756,27.90545,0.0
85.53754,27.90549,0.0
85.53753,27.90552,0.0
85.53752,27.90557,0.0
85.53752,27.9056,0.0
85.53752,27.90563,0.0
85.53752,27.90566,0.0
85.53751,27.90568,0.0
85.53751,27.9057,0.0
85.5375,27.90571,0.0
85.5375,27.90572,0.0
85.53748,27.90574,0.0
85.53746,27.90577,0.0
85.53744,27.9058,0.0
85.53743,27.90582,0.0
85.53741,27.90584,0.0
85.53739,27.90589,0.0
85.53738,27.90592,0.0
85.53737,27.90596,0.0
85.53736,27.90599,0.0
85.53736,27.90603,0.0
85.53736,27.90606,0.0
85.53736,27.90609,0.0
85.53736,27.90612,0.0
85.53735,27.90614,0.0
85.53735,27.90616,0.0
85.53734,27.90618,0.0
85.53733,27.90619,0.0
85.53731,27.90621,0.0
85.5373,27.90623,0.0
85.53727,27.90626,0.0
85.53724,27.90629,0.0
85.53717,27.90636,0.0
85.53713,27.90639,0.0
85.53711,27.90641,0.0
85.53708,27.90646,0.0
85.53706,27.90647,0.0
85.53705,27.90648,0.0
85.53704,27.90649,0.0
85.53703,27.90649,0.0
85.53702,27.90649,0.0
85.537,27.90649,0.0
85.53698,27.90649,0.0
85.53697,27.90649,0.0
85.53696,27.90648,0.0
85.53695,27.90647,0.0
85.53694,27.90647,0.0
85.53693,27.90646,0.0
85.53692,27.90644,0.0
85.53691,27.90643,0.0
85.5369,27.90641,0.0
85.53688,27.9064,0.0
85.53687,27.90639,0.0
85.53685,27.90638,0.0
85.53683,27.90637,0.0
85.53681,27.90636,0.0
85.53678,27.90636,0.0
85.53675,27.90635,0.0
85.53673,27.90635,0.0
85.5367,27.90635,0.0
85.53667,27.90635,0.0
85.53663,27.90635,0.0
85.53661,27.90635,0.0
85.53659,27.90636,0.0
85.53656,27.90636,0.0
85.53654,27.90638,0.0
85.53651,27.90639,0.0
85.53649,27.90642,0.0
85.53647,27.90644,0.0
85.53646,27.90644,0.0
85.53646,27.90646,0.0
85.53644,27.90649,0.0
85.53643,27.90653,0.0
85.53642,27.90657,0.0
85.5364,27.90661,0.0
85.53639,27.90664,0.0
85.53637,27.90667,0.0
85.53636,27.90671,0.0
85.53635,27.90674,0.0
85.53635,27.90676,0.0
85.53635,27.9068,0.0
85.53635,27.90684,0.0
85.53636,27.90687,0.0
85.53637,27.90691,0.0
85.53639,27.90695,0.0
85.53639,27.90696,0.0
85.5364,27.90698,0.0
85.5364,27.90702,0.0
85.5364,27.90706,0.0
85.5364,27.90711,0.0
85.53639,27.90714,0.0
85.53638,27.90721,0.0
85.53636,27.90728,0.0
85.53635,27.90735,0.0
85.53635,27.90739,0.0
85.53635,27.90743,0.0
85.53635,27.90747,0.0
85.53635,27.90749,0.0
85.53635,27.90751,0.0
85.53635,27.90755,0.0
85.53635,27.90757,0.0
85.53635,27.90759,0.0
85.53634,27.90762,0.0
85.53634,27.90764,0.0
85.53632,27.9077,0.0
85.5363,27.90775,0.0
85.53627,27.9078,0.0
85.53625,27.90785,0.0
85.53622,27.9079,0.0
85.53619,27.90794,0.0
85.53614,27.90799,0.0
85.53612,27.908,0.0
85.5361,27.908,0.0
85.53609,27.90801,0.0
85.53606,27.90802,0.0
85.53604,27.90803,0.0
85.53601,27.90804,0.0
85.53595,27.90806,0.0
85.53592,27.90808,0.0
85.53586,27.90812,0.0
85.53582,27.90815,0.0
85.53579,27.90817,0.0
85.53576,27.90819,0.0
85.53572,27.90822,0.0
85.53565,27.90827,0.0
85.53561,27.9083,0.0
85.53559,27.90833,0.0
85.53557,27.90835,0.0
85.53555,27.90838,0.0
85.53553,27.90843,0.0
85.53552,27.90845,0.0
85.5355,27.90849,0.0
85.53548,27.90853,0.0
85.53547,27.90855,0.0
85.53546,27.90857,0.0
85.5354581,27.9085662,0.0
85.53545,27.90858,0.0
85.53543,27.9086,0.0
85.53541,27.90862,0.0
85.53539,27.90864,0.0
85.53537,27.90866,0.0
85.53535,27.90868,0.0
85.53532,27.90872,0.0
85.53531,27.90874,0.0
85.53529,27.90876,0.0
85.53528,27.90879,0.0
85.53527,27.9088,0.0
85.53527,27.90882,0.0
85.53526,27.90886,0.0
85.53526,27.90891,0.0
85.53526,27.909,0.0
85.53525,27.90904,0.0
85.53526,27.90906,0.0
85.53526,27.90908,0.0
85.53528,27.9091,0.0
85.5353,27.90913,0.0
85.53532,27.90916,0.0
85.53536,27.9092,0.0
85.5353642,27.9091965,0.0
85.53536,27.90921,0.0
85.53532,27.90925,0.0
85.53526,27.90933,0.0
85.53524,27.90937,0.0
85.53521,27.90941,0.0
85.53518,27.90947,0.0
85.53514,27.90953,0.0
85.5351,27.90962,0.0
85.53505,27.9097,0.0
85.53503,27.90975,0.0
85.53502,27.90976,0.0
85.535,27.9098,0.0
85.53497,27.90983,0.0
85.53495,27.90986,0.0
85.53493,27.90987,0.0
85.53489,27.9099,0.0
85.53483,27.90994,0.0
85.53474,27.90999,0.0
85.53472,27.91,0.0
85.53469,27.91001,0.0
85.53463,27.91003,0.0
85.5346,27.91004,0.0
85.53457,27.91004,0.0
85.53451,27.91005,0.0
85.53441,27.91007,0.0
85.5344,27.91007,0.0
85.53431,27.91008,0.0
85.53422,27.91009,0.0
85.5342,27.91009,0.0
85.53414,27.9101,0.0
85.53412,27.91011,0.0
85.53408,27.91012,0.0
85.53397,27.91017,0.0
85.53389,27.9102,0.0
85.53382,27.91022,0.0
85.53376,27.91025,0.0
85.53369,27.91028,0.0
85.53364,27.9103,0.0
85.53361,27.91032,0.0
85.53347,27.9104,0.0
85.53341,27.91044,0.0
85.53334,27.91049,0.0
85.53317,27.91058,0.0
85.53307,27.91065,0.0
85.53306,27.91066,0.0
85.53296,27.91073,0.0
85.53292,27.91076,0.0
85.5329,27.91078,0.0
85.53286,27.91082,0.0
85.53284,27.91084,0.0
85.53283,27.91085,0.0
85.53283,27.91086,0.0
85.5328,27.91091,0.0
85.53278,27.91094,0.0
85.53276,27.91098,0.0
85.53273,27.91106,0.0
85.53271,27.9111,0.0
85.53268,27.91115,0.0
85.53266,27.91117,0.0
85.53264,27.9112,0.0
85.53262,27.91121,0.0
85.5326,27.91122,0.0
85.53256,27.91125,0.0
85.53252,27.91126,0.0
85.53249,27.91128,0.0
85.53246,27.9113,0.0
85.53244,27.91131,0.0
85.53244,27.91132,0.0
85.53243,27.91133,0.0
85.53241,27.91135,0.0
85.5324,27.91137,0.0
85.53237,27.91141,0.0
85.53233,27.91147,0.0
85.5323,27.9115,0.0
85.53226,27.91154,0.0
85.53224,27.91155,0.0
85.53222,27.91157,0.0
85.53218,27.91161,0.0
85.53211,27.91166,0.0
85.53209,27.91168,0.0
85.53203,27.91172,0.0
85.53197,27.91175,0.0
85.53194,27.91177,0.0
85.53191,27.91178,0.0
85.53182,27.91181,0.0
85.53172,27.91183,0.0
85.53164,27.91186,0.0
85.53156,27.91188,0.0
85.53154,27.9119,0.0
85.53152,27.91191,0.0
85.53148,27.91193,0.0
85.53146,27.91194,0.0
85.53142,27.91196,0.0
85.53139,27.912,0.0
85.5313,27.91212,0.0
85.53128,27.91214,0.0
85.53127,27.91215,0.0
85.53126,27.91216,0.0
85.53123,27.91218,0.0
85.53121,27.91219,0.0
85.5312,27.9122,0.0
85.53116,27.91221,0.0
85.53113,27.91223,0.0
85.5311,27.91224,0.0
85.53107,27.91226,0.0
85.531,27.91233,0.0
85.53093,27.91239,0.0
85.53088,27.91244,0.0
85.53083,27.91248,0.0
85.53077,27.91251,0.0
85.53073,27.91253,0.0
85.53069,27.91255,0.0
85.53062,27.91258,0.0
85.53058,27.91259,0.0
85.53055,27.9126,0.0
85.53053,27.9126,0.0
85.53047,27.91262,0.0
85.53042,27.91263,0.0
85.53038,27.91263,0.0
85.53035,27.91263,0.0
85.53033,27.91263,0.0
85.53018,27.91262,0.0
85.53015,27.91262,0.0
85.53003,27.91261,0.0
85.53002,27.91261,0.0
85.52996,27.9126,0.0
85.52993,27.9126,0.0
85.52991,27.9126,0.0
85.52989,27.91261,0.0
85.52988,27.91261,0.0
85.52987,27.91262,0.0
85.52987,27.91263,0.0
85.52987,27.91264,0.0
85.52987,27.91265,0.0
85.52987,27.91266,0.0
85.52988,27.91267,0.0
85.52989,27.91267,0.0
85.52991,27.91268,0.0
85.52994,27.91269,0.0
85.53,27.9127,0.0
85.53007,27.91272,0.0
85.53015,27.91274,0.0
85.53023,27.91277,0.0
85.53031,27.91279,0.0
85.53037,27.9128,0.0
85.53047,27.91281,0.0
85.53053,27.91281,0.0
85.53062,27.91281,0.0
85.53065,27.91282,0.0
85.53066,27.91282,0.0
85.53067,27.91282,0.0
85.53068,27.91282,0.0
85.53068,27.91283,0.0
85.53069,27.91283,0.0
85.53069,27.91284,0.0
85.53069,27.91285,0.0
85.53069,27.91286,0.0
85.53069,27.91287,0.0
85.53069,27.91288,0.0
85.53069,27.91289,0.0
85.53068,27.9129,0.0
85.53067,27.91291,0.0
85.53066,27.91291,0.0
85.53064,27.91292,0.0
85.53063,27.91292,0.0
85.5306,27.91292,0.0
85.53057,27.91292,0.0
85.53052,27.91292,0.0
85.53039,27.91291,0.0
85.53034,27.91291,0.0
85.53024,27.9129,0.0
85.53004,27.9129,0.0
85.52997,27.9129,0.0
85.52991,27.9129,0.0
85.52984,27.91291,0.0
85.52975,27.91293,0.0
85.52968,27.91294,0.0
85.52959,27.91294,0.0
85.5294,27.91295,0.0
85.52938,27.91295,0.0
85.52934,27.91295,0.0
85.5293,27.91295,0.0
85.52927,27.91295,0.0
85.52923,27.91295,0.0
85.5292,27.91295,0.0
85.52918,27.91296,0.0
85.52914,27.91297,0.0
85.52911,27.91298,0.0
85.5291,27.91298,0.0
85.52907,27.913,0.0
85.52898,27.91306,0.0
85.52888,27.91313,0.0
85.52885,27.91315,0.0
85.52878,27.91318,0.0
85.52874,27.9132,0.0
85.52871,27.91322,0.0
85.52868,27.91324,0.0
85.52863,27.9133,0.0
85.52858,27.91335,0.0
85.52853,27.91339,0.0
85.52848,27.91344,0.0
85.5284,27.9135,0.0
85.52836,27.91353,0.0
85.52832,27.91355,0.0
85.52829,27.91357,0.0
85.52822,27.91361,0.0
85.52815,27.91365,0.0
85.52812,27.91367,0.0
85.52808,27.9137,0.0
85.52805,27.91371,0.0
85.52803,27.91372,0.0
85.528,27.91373,0.0
85.52796,27.91375,0.0
85.52791,27.91376,0.0
85.52785,27.91377,0.0
85.52778,27.91379,0.0
85.52771,27.91381,0.0
85.52767,27.91384,0.0
85.5276,27.91387,0.0
85.52759,27.91387,0.0
85.52754,27.9139,0.0
85.52749,27.91391,0.0
85.52745,27.91392,0.0
85.52742,27.91392,0.0
85.52738,27.91392,0.0
85.52733,27.91391,0.0
85.52729,27.91389,0.0
85.5272,27.91386,0.0
85.52716,27.91385,0.0
85.52713,27.91384,0.0
85.52709,27.91383,0.0
85.52705,27.91383,0.0
85.52701,27.91383,0.0
85.52697,27.91384,0.0
85.52693,27.91384,0.0
85.52685,27.91385,0.0
85.52682,27.91385,0.0
85.52679,27.91385,0.0
85.52675,27.91384,0.0
85.52671,27.91383,0.0
85.52669,27.91382,0.0
85.52668,27.91381,0.0
85.52664,27.91378,0.0
85.52661,27.91375,0.0
85.52658,27.91373,0.0
85.52656,27.91372,0.0
85.52654,27.91371,0.0
85.52651,27.9137,0.0
85.52648,27.91369,0.0
85.52645,27.91369,0.0
85.5264,27.9137,0.0
85.52635,27.91371,0.0
85.52631,27.91372,0.0
85.52617,27.91376,0.0
85.52611,27.91378,0.0
85.52607,27.91378,0.0
85.52604,27.91378,0.0
85.52601,27.91378,0.0
85.52597,27.91378,0.0
85.52595,27.91378,0.0
85.52589,27.91377,0.0
85.52587,27.91377,0.0
85.52582,27.91376,0.0
85.52573,27.91376,0.0
85.52565,27.91375,0.0
85.52552,27.91375,0.0
85.52547,27.91375,0.0
85.52542,27.91376,0.0
85.52532,27.91376,0.0
85.52528,27.91376,0.0
85.52521,27.91376,0.0
85.52512,27.91376,0.0
85.52508,27.91376,0.0
85.52506,27.91376,0.0
85.52501,27.91375,0.0
85.52493,27.91373,0.0
85.52488,27.91372,0.0
85.52484,27.91372,0.0
85.52477,27.9137,0.0
85.5247,27.91369,0.0
85.52463,27.91368,0.0
85.52452,27.91368,0.0
85.52448,27.91367,0.0
85.52445,27.91367,0.0
85.52442,27.91366,0.0
85.52438,27.91364,0.0
85.52434,27.91361,0.0
85.52431,27.91358,0.0
85.52429,27.91355,0.0
85.52427,27.91353,0.0
85.52426,27.91353,0.0
85.52424,27.91352,0.0
85.52423,27.91352,0.0
85.52422,27.91352,0.0
85.52421,27.91352,0.0
85.5242,27.91352,0.0
85.5242,27.91353,0.0
85.52419,27.91353,0.0
85.52419,27.91354,0.0
85.52419,27.91355,0.0
85.52419,27.91356,0.0
85.52419,27.91358,0.0
85.5242,27.91361,0.0
85.52421,27.91364,0.0
85.52423,27.91367,0.0
85.52426,27.9137,0.0
85.52429,27.91373,0.0
85.5243,27.91373,0.0
85.52439,27.91379,0.0
85.52446,27.91384,0.0
85.52451,27.91387,0.0
85.52462,27.91395,0.0
85.52464,27.91396,0.0
85.5247,27.914,0.0
85.52474,27.91403,0.0
85.52478,27.91406,0.0
85.52479,27.91407,0.0
85.52484,27.9141,0.0
85.52491,27.91415,0.0
85.525,27.91422,0.0
85.52502,27.91425,0.0
85.52507,27.91429,0.0
85.52508,27.9143,0.0
85.52513,27.91434,0.0
85.52521,27.91439,0.0
85.52524,27.91441,0.0
85.52527,27.91443,0.0
85.52532,27.91447,0.0
85.52533,27.91448,0.0
85.52535,27.91451,0.0
85.52536,27.91453,0.0
85.52536,27.91454,0.0
85.52536,27.91455,0.0
85.52536,27.91456,0.0
85.52536,27.91458,0.0
85.52536,27.91459,0.0
85.52535,27.9146,0.0
85.52534,27.91461,0.0
85.52531,27.91463,0.0
85.52523,27.91467,0.0
85.5252,27.91469,0.0
85.52515,27.91471,0.0
85.5251,27.91474,0.0
85.52506,27.91477,0.0
85.52501,27.91481,0.0
85.52496,27.91485,0.0
85.52493,27.9149,0.0
85.52489,27.91496,0.0
85.52485,27.91506,0.0
85.52483,27.9151,0.0
85.52481,27.91513,0.0
85.52478,27.91516,0.0
85.52474,27.91518,0.0
85.52469,27.91521,0.0
85.52465,27.91523,0.0
85.52455,27.91525,0.0
85.52454,27.91526,0.0
85.52451,27.91526,0.0
85.52437,27.9153,0.0
85.52434,27.91531,0.0
85.52431,27.91532,0.0
85.5243,27.91532,0.0
85.52426,27.91534,0.0
85.52424,27.91536,0.0
85.52422,27.91538,0.0
85.52421,27.9154,0.0
85.52421,27.91542,0.0
85.52421,27.91543,0.0
85.5242,27.91545,0.0
85.5242,27.91548,0.0
85.5242,27.91553,0.0
85.52421,27.9156,0.0
85.52422,27.91565,0.0
85.52422,27.91567,0.0
85.52422,27.91568,0.0
85.52422,27.9157,0.0
85.52421,27.91571,0.0
85.52421,27.91573,0.0
85.5242,27.91574,0.0
85.5242,27.91576,0.0
85.52419,27.91578,0.0
85.52418,27.91579,0.0
85.52417,27.9158,0.0
85.52417,27.91581,0.0
85.52416,27.91582,0.0
85.52415,27.91583,0.0
85.52413,27.91584,0.0
85.5241,27.91586,0.0
85.52406,27.91587,0.0
85.52403,27.91589,0.0
85.52394,27.91592,0.0
85.52384,27.91595,0.0
85.52381,27.91596,0.0
85.52376,27.91598,0.0
85.5237,27.91601,0.0
85.52366,27.91604,0.0
85.52364,27.91605,0.0
85.52358,27.91609,0.0
85.52352,27.91612,0.0
85.52349,27.91613,0.0
85.52347,27.91614,0.0
85.52346,27.91614,0.0
85.52344,27.91615,0.0
85.5234,27.91616,0.0
85.52337,27.91616,0.0
85.52333,27.91616,0.0
85.52329,27.91615,0.0
85.52324,27.91614,0.0
85.52318,27.91613,0.0
85.52312,27.91611,0.0
85.5231,27.91611,0.0
85.523096,27.9161083,0.0
85.52313,27.91609,0.0
85.52329,27.91605,0.0
85.52339,27.91602,0.0
85.52345,27.91599,0.0
85.52347,27.91598,0.0
85.52363,27.91586,0.0
85.52376,27.91577,0.0
85.52378,27.91573,0.0
85.52377,27.9157,0.0
85.52376,27.91568,0.0
85.52373,27.91567,0.0
85.52368,27.91568,0.0
85.52353,27.91576,0.0
85.52343,27.9158,0.0
85.52331,27.91582,0.0
85.52328,27.91582,0.0
85.52327,27.91581,0.0
85.52326,27.91578,0.0
85.52328,27.91575,0.0
85.5234,27.9157,0.0
85.52345,27.91566,0.0
85.52355,27.91556,0.0
85.52366,27.91548,0.0
85.52369,27.91545,0.0
85.52371,27.91543,0.0
85.52376,27.91535,0.0
85.52382,27.91519,0.0
85.52381,27.91515,0.0
85.5238,27.91514,0.0
85.52378,27.91514,0.0
85.52375,27.91515,0.0
85.52362,27.91525,0.0
85.52354,27.91529,0.0
85.5234,27.91534,0.0
85.5233,27.9154,0.0
85.52327,27.9154,0.0
85.52326,27.91539,0.0
85.52324,27.91537,0.0
85.52325,27.91534,0.0
85.52333,27.91524,0.0
85.52348,27.91506,0.0
85.5235,27.91503,0.0
85.52351,27.91499,0.0
85.5235,27.91496,0.0
85.52345,27.91493,0.0
85.5234,27.91493,0.0
85.52335,27.91494,0.0
85.5231,27.91511,0.0
85.52301,27.91516,0.0
85.5229,27.9152,0.0
85.52275,27.91524,0.0
85.52263,27.91527,0.0
85.52256,27.91527,0.0
85.52249,27.91527,0.0
85.52242,27.91523,0.0
85.52238,27.9152,0.0
85.52228,27.91511,0.0
85.5221,27.91495,0.0
85.5221,27.91494,0.0
85.52205,27.91491,0.0
85.522,27.91488,0.0
85.52193,27.91487,0.0
85.52183,27.91487,0.0
85.52182,27.91488,0.0
85.52178,27.91488,0.0
85.52172,27.9149,0.0
85.5217,27.91491,0.0
85.52166,27.91494,0.0
85.52165,27.91498,0.0
85.52165,27.91501,0.0
85.52168,27.91503,0.0
85.52173,27.91504,0.0
85.52182,27.91502,0.0
85.52189,27.915,0.0
85.52193,27.91501,0.0
85.52196,27.91504,0.0
85.52197,27.91508,0.0
85.52196,27.91512,0.0
85.52194,27.91514,0.0
85.52192,27.91516,0.0
85.52186,27.9152,0.0
85.52181,27.91521,0.0
85.52177,27.91522,0.0
85.52167,27.91522,0.0
85.52123,27.91518,0.0
85.52118,27.91517,0.0
85.52117,27.91516,0.0
85.52106,27.9151,0.0
85.52091,27.91499,0.0
85.52083,27.91494,0.0
85.52073,27.91491,0.0
85.52065,27.9149,0.0
85.52059,27.91491,0.0
85.52057,27.91494,0.0
85.52057,27.91498,0.0
85.5206,27.91501,0.0
85.52061,27.91502,0.0
85.52078,27.91509,0.0
85.52084,27.91514,0.0
85.52092,27.91526,0.0
85.52111,27.91539,0.0
85.52122,27.91549,0.0
85.52126,27.91552,0.0
85.52127,27.91556,0.0
85.52127,27.91559,0.0
85.52125,27.91561,0.0
85.52121,27.91562,0.0
85.52116,27.9156,0.0
85.52106,27.91551,0.0
85.521,27.91546,0.0
85.52071,27.91531,0.0
85.52045,27.91523,0.0
85.52039,27.91519,0.0
85.52024,27.91502,0.0
85.52023,27.91501,0.0
85.5201,27.91496,0.0
85.52005,27.91494,0.0
85.51996,27.91492,0.0
85.51986,27.91489,0.0
85.51973,27.91487,0.0
85.51958,27.91485,0.0
85.51952,27.91483,0.0
85.51939,27.91475,0.0
85.51925,27.91464,0.0
85.51917,27.91457,0.0
85.51917,27.91456,0.0
85.51908,27.91445,0.0
85.51906,27.91444,0.0
85.51904,27.91446,0.0
85.51903,27.91446,0.0
85.51901,27.9145,0.0
85.51901,27.91454,0.0
85.51903,27.91458,0.0
85.51906,27.91462,0.0
85.51917,27.91477,0.0
85.51924,27.91487,0.0
85.51947,27.91506,0.0
85.51961,27.91512,0.0
85.51962,27.91513,0.0
85.51965,27.91516,0.0
85.51968,27.91521,0.0
85.51971,27.91529,0.0
85.51973,27.91535,0.0
85.51975,27.91558,0.0
85.51978,27.91564,0.0
85.51989,27.91579,0.0
85.51999,27.91592,0.0
85.52001,27.91596,0.0
85.52001,27.91602,0.0
85.51999,27.91604,0.0
85.51983,27.9161,0.0
85.5198268,27.9160966,0.0
85.51982,27.91609,0.0
85.5198,27.91609,0.0
85.51977,27.91609,0.0
85.51975,27.91609,0.0
85.51974,27.91609,0.0
85.5197,27.9161,0.0
85.51969,27.91611,0.0
85.51963,27.91613,0.0
85.51958,27.91613,0.0
85.51956,27.91613,0.0
85.51953,27.91613,0.0
85.51947,27.91612,0.0
85.5194,27.91611,0.0
85.51928,27.91592,0.0
85.51927,27.91591,0.0
85.51917,27.91588,0.0
85.5191,27.91584,0.0
85.51904,27.91581,0.0
85.51898,27.91578,0.0
85.51891,27.91577,0.0
85.5189,27.91577,0.0
85.51871,27.91574,0.0
85.51864,27.91574,0.0
85.51851,27.91575,0.0
85.5185,27.91575,0.0
85.51837,27.91576,0.0
85.51831,27.91577,0.0
85.5183,27.91577,0.0
85.51816,27.91579,0.0
85.51811,27.91578,0.0
85.518,27.91577,0.0
85.51791,27.91574,0.0
85.5179,27.91575,0.0
85.51783,27.91579,0.0
85.51773,27.91592,0.0
85.51763,27.916,0.0
85.51752,27.91608,0.0
85.51748,27.91612,0.0
85.51747,27.91613,0.0
85.51744,27.91615,0.0
85.51742,27.91615,0.0
85.51731,27.91615,0.0
85.51729,27.91615,0.0
85.51728,27.91615,0.0
85.51727,27.91615,0.0
85.51717,27.91614,0.0
85.51709,27.91612,0.0
85.51688,27.91616,0.0
85.51684,27.91617,0.0
85.5167,27.91624,0.0
85.51669,27.91624,0.0
85.51665,27.91627,0.0
85.51651,27.9163,0.0
85.5165,27.9163,0.0
85.51635,27.91633,0.0
85.51626,27.91637,0.0
85.51615,27.91636,0.0
85.51612,27.91631,0.0
85.51607,27.91627,0.0
85.51601,27.91624,0.0
85.51593,27.91622,0.0
85.51587,27.91625,0.0
85.51581,27.91625,0.0
85.51578,27.91625,0.0
85.51577,27.91625,0.0
85.51574,27.91625,0.0
85.51567,27.91623,0.0
85.51559,27.91626,0.0
85.51552,27.91628,0.0
85.51544,27.91626,0.0
85.51539,27.91624,0.0
85.51534,27.91622,0.0
85.51521,27.91617,0.0
85.5152,27.91616,0.0
85.51514,27.91614,0.0
85.51512,27.91613,0.0
85.51469,27.9159,0.0
85.51468,27.9159,0.0
85.51452,27.91578,0.0
85.51441,27.9157,0.0
85.51421,27.91557,0.0
85.5142,27.91556,0.0
85.51404,27.91551,0.0
85.51401,27.9155,0.0
85.51395,27.91547,0.0
85.5139,27.91545,0.0
85.51383,27.91546,0.0
85.51382,27.91546,0.0
85.51381,27.91546,0.0
85.51375,27.91543,0.0
85.51369,27.91541,0.0
85.51364,27.91538,0.0
85.51361,27.91536,0.0
85.51354,27.91532,0.0
85.51347,27.9153,0.0
85.51346,27.91531,0.0
85.51341,27.91534,0.0
85.51337,27.9154,0.0
85.51331,27.91542,0.0
85.5133,27.91542,0.0
85.51319,27.91542,0.0
85.51312,27.91542,0.0
85.5131,27.91542,0.0
85.51301,27.91545,0.0
85.51294,27.9155,0.0
85.51293,27.91551,0.0
85.51288,27.91554,0.0
85.51287,27.91554,0.0
85.51278,27.9156,0.0
85.51277,27.9156,0.0
85.51277,27.91561,0.0
85.51274,27.91567,0.0
85.51273,27.91568,0.0
85.51274,27.91577,0.0
85.51274,27.91579,0.0
85.51278,27.9159,0.0
85.51284,27.91593,0.0
85.51289,27.91597,0.0
85.51294,27.91606,0.0
85.51294,27.91608,0.0
85.51295,27.91615,0.0
85.51293,27.9162,0.0
85.51289,27.91624,0.0
85.51289,27.91625,0.0
85.51282,27.9163,0.0
85.51264,27.91638,0.0
85.5125,27.91644,0.0
85.51235,27.9165,0.0
85.51224,27.91654,0.0
85.51213,27.91666,0.0
85.5121,27.91675,0.0
85.51202,27.91708,0.0
85.51199,27.91728,0.0
85.51197,27.9174,0.0
85.51187,27.9176,0.0
85.51186,27.91762,0.0
85.51179,27.91779,0.0
85.51173,27.91791,0.0
85.51137,27.91814,0.0
85.51127,27.91831,0.0
85.51125,27.91835,0.0
85.51114,27.91845,0.0
85.51106,27.91853,0.0
85.511,27.91858,0.0
85.51082,27.91873,0.0
85.5103,27.91864,0.0
85.50994,27.9186,0.0
85.50989,27.9186,0.0
85.50977,27.91868,0.0
85.50972,27.91871,0.0
85.50958,27.91878,0.0
85.50944,27.91881,0.0
85.5094,27.91882,0.0
85.50938,27.91882,0.0
85.50922,27.91887,0.0
85.50921,27.91888,0.0
85.50917,27.91895,0.0
85.50912,27.91904,0.0
85.50906,27.91914,0.0
85.50897,27.91938,0.0
85.50895,27.91944,0.0
85.50891,27.91951,0.0
85.50889,27.91954,0.0
85.50883,27.91962,0.0
85.50864,27.91972,0.0
85.50856,27.91972,0.0
85.50839,27.91973,0.0
85.50836,27.91975,0.0
85.50827,27.9198,0.0
85.5082,27.91985,0.0
85.50817,27.91986,0.0
85.50818,27.92,0.0
85.50818,27.92002,0.0
85.50816,27.92017,0.0
85.50814,27.92019,0.0
85.50811,27.92024,0.0
85.50804,27.92028,0.0
85.50797,27.92033,0.0
85.50789,27.92043,0.0
85.50788,27.92046,0.0
85.50796,27.92051,0.0
85.50799,27.92056,0.0
85.50801,27.92058,0.0
85.50805,27.92063,0.0
85.50814,27.92068,0.0
85.50817,27.92069,0.0
85.50822,27.92072,0.0
85.50823,27.92081,0.0
85.50827,27.92083,0.0
85.50839,27.92098,0.0
85.5084,27.92098,0.0
85.50848,27.92106,0.0
85.50848,27.92113,0.0
85.50849,27.92124,0.0
85.50849,27.92131,0.0
85.5085,27.92138,0.0
85.50851,27.92149,0.0
85.50851,27.92152,0.0
85.50853,27.9216,0.0
85.5086,27.92163,0.0
85.5087,27.92168,0.0
85.50879,27.92178,0.0
85.50889,27.92182,0.0
85.50899,27.92194,0.0
85.50904,27.92196,0.0
85.50908,27.92197,0.0
85.50919,27.92195,0.0
85.50944,27.92182,0.0
85.50946,27.92181,0.0
85.50961,27.92188,0.0
85.50962,27.92189,0.0
85.50971,27.92201,0.0
85.50973,27.92204,0.0
85.50988,27.92229,0.0
85.50996,27.9225,0.0
85.50996,27.92254,0.0
85.50995,27.92264,0.0
85.50994,27.92271,0.0
85.50994,27.92276,0.0
85.50995,27.92287,0.0
85.50996,27.92289,0.0
85.51,27.92295,0.0
85.51008,27.92305,0.0
85.5101,27.92316,0.0
85.51008,27.92335,0.0
85.51008,27.92352,0.0
85.5101,27.92362,0.0
85.51009,27.92376,0.0
85.51009,27.92389,0.0
85.5101,27.92393,0.0
85.51012,27.924,0.0
85.51019,27.92405,0.0
85.51022,27.92407,0.0
85.51032,27.92415,0.0
85.51039,27.92417,0.0
85.51044,27.92416,0.0
85.51052,27.92413,0.0
85.51057,27.9241,0.0
85.51063,27.92408,0.0
85.51077,27.92406,0.0
85.51078,27.92406,0.0
85.51085,27.92407,0.0
85.51091,27.92412,0.0
85.51093,27.92415,0.0
85.51096,27.92422,0.0
85.51105,27.92449,0.0
85.51106,27.92451,0.0
85.51112,27.92466,0.0
85.51112,27.92467,0.0
85.51121,27.92481,0.0
85.5113,27.92491,0.0
85.5114,27.92495,0.0
85.51152,27.92496,0.0
85.51156,27.92498,0.0
85.51159,27.92499,0.0
85.51163,27.92505,0.0
85.51164,27.92513,0.0
85.51164,27.92516,0.0
85.51162,27.92531,0.0
85.51158,27.92564,0.0
85.51158,27.92567,0.0
85.51159,27.92585,0.0
85.51159,27.92591,0.0
85.51156,27.92608,0.0
85.51153,27.9262,0.0
85.5115,27.92634,0.0
85.51149,27.92656,0.0
85.51149,27.92669,0.0
85.51148,27.92674,0.0
85.51147,27.92675,0.0
85.51142,27.92678,0.0
85.51131,27.92679,0.0
85.51111,27.92676,0.0
85.51109,27.92675,0.0
85.5109,27.92669,0.0
85.51085,27.92668,0.0
85.51076,27.92667,0.0
85.5107,27.92668,0.0
85.5105,27.92671,0.0
85.51035,27.92674,0.0
85.5103,27.92674,0.0
85.51022,27.92674,0.0
85.51011,27.92669,0.0
85.50999,27.92661,0.0
85.50984,27.92655,0.0
85.50966,27.92651,0.0
85.50956,27.92648,0.0
85.50942,27.92642,0.0
85.50934,27.92637,0.0
85.50921,27.9263,0.0
85.50909,27.92622,0.0
85.509,27.92614,0.0
85.50895,27.92609,0.0
85.50896,27.92605,0.0
85.50903,27.92606,0.0
85.50911,27.92608,0.0
85.50921,27.92612,0.0
85.50938,27.92617,0.0
85.50945,27.92616,0.0
85.50957,27.9261,0.0
85.50971,27.926,0.0
85.50973,27.92596,0.0
85.5098,27.92587,0.0
85.50987,27.92578,0.0
85.50995,27.92574,0.0
85.51013,27.9257,0.0
85.51028,27.92571,0.0
85.51041,27.92573,0.0
85.51045,27.92573,0.0
85.51052,27.92573,0.0
85.51057,27.92571,0.0
85.5106,27.92569,0.0
85.5106,27.92567,0.0
85.51057,27.92565,0.0
85.51048,27.92562,0.0
85.51044,27.9256,0.0
85.51042,27.9256,0.0
85.5102,27.92551,0.0
85.50998,27.9254,0.0
85.50989,27.92536,0.0
85.50981,27.92534,0.0
85.50973,27.92532,0.0
85.5097,27.92531,0.0
85.50966,27.92529,0.0
85.50964,27.92525,0.0
85.50965,27.92523,0.0
85.50969,27.92521,0.0
85.50971,27.92521,0.0
85.50993,27.9252,0.0
85.51004,27.92514,0.0
85.51006,27.92512,0.0
85.51013,27.92507,0.0
85.51016,27.925,0.0
85.51014,27.92493,0.0
85.5101,27.92489,0.0
85.51004,27.92487,0.0
85.50991,27.92485,0.0
85.50981,27.92483,0.0
85.5097,27.92482,0.0
85.50961,27.92484,0.0
85.50953,27.92486,0.0
85.50941,27.92487,0.0
85.5094,27.92487,0.0
85.50924,27.92485,0.0
85.50921,27.92485,0.0
85.50909,27.92482,0.0
85.50895,27.9248,0.0
85.50881,27.92481,0.0
85.50863,27.92481,0.0
85.5086,27.92481,0.0
85.50857,27.92481,0.0
85.50844,27.92478,0.0
85.50839,27.92477,0.0
85.50824,27.92474,0.0
85.5082,27.92474,0.0
85.50811,27.92473,0.0
85.50801,27.9247,0.0
85.50796,27.92468,0.0
85.5079,27.92466,0.0
85.50771,27.92463,0.0
85.50756,27.92465,0.0
85.50748,27.92467,0.0
85.50745,27.92469,0.0
85.50738,27.92473,0.0
85.50735,27.92475,0.0
85.50726,27.92476,0.0
85.50724,27.92476,0.0
85.50705,27.92476,0.0
85.50698,27.92476,0.0
85.50688,27.92477,0.0
85.50683,27.92478,0.0
85.50678,27.92479,0.0
85.50677,27.92479,0.0
85.50674,27.92476,0.0
85.50674,27.92472,0.0
85.50691,27.92463,0.0
85.50707,27.92453,0.0
85.5071,27.92452,0.0
85.50717,27.92448,0.0
85.50722,27.92445,0.0
85.50731,27.92442,0.0
85.50736,27.9244,0.0
85.50739,27.92439,0.0
85.50753,27.9243,0.0
85.50763,27.92425,0.0
85.50773,27.9242,0.0
85.50778,27.92417,0.0
85.50782,27.92409,0.0
85.5078,27.92391,0.0
85.5078,27.92389,0.0
85.50775,27.92373,0.0
85.50769,27.92364,0.0
85.50767,27.92362,0.0
85.50765,27.92358,0.0
85.50763,27.92356,0.0
85.50756,27.9235,0.0
85.5075,27.92349,0.0
85.50731,27.92348,0.0
85.50722,27.92346,0.0
85.50701,27.92331,0.0
85.50692,27.92325,0.0
85.50685,27.92323,0.0
85.50681,27.92324,0.0
85.5068,27.92327,0.0
85.5068,27.92328,0.0
85.50681,27.92331,0.0
85.50683,27.92335,0.0
85.50686,27.92338,0.0
85.50688,27.9234,0.0
85.50691,27.92343,0.0
85.50697,27.92348,0.0
85.50706,27.92356,0.0
85.50712,27.92361,0.0
85.50717,27.92369,0.0
85.50719,27.92374,0.0
85.50718,27.92377,0.0
85.50711,27.92382,0.0
85.50703,27.92384,0.0
85.50696,27.92385,0.0
85.5068,27.92383,0.0
85.50655,27.92387,0.0
85.50654,27.92387,0.0
85.50652,27.92387,0.0
85.50647,27.92387,0.0
85.50631,27.92388,0.0
85.50619,27.92385,0.0
85.50599,27.92382,0.0
85.50589,27.92384,0.0
85.50587,27.92385,0.0
85.50576,27.9239,0.0
85.50573,27.92391,0.0
85.50572,27.92392,0.0
85.50569,27.92393,0.0
85.50555,27.92398,0.0
85.5055,27.924,0.0
85.50541,27.92403,0.0
85.5053,27.92404,0.0
85.5051,27.92404,0.0
85.505,27.92405,0.0
85.50498,27.92404,0.0
85.50495,27.92404,0.0
85.50483,27.92403,0.0
85.5047,27.92406,0.0
85.50454,27.92414,0.0
85.50445,27.92415,0.0
85.50439,27.92413,0.0
85.50439,27.92411,0.0
85.50439,27.92408,0.0
85.5044,27.92407,0.0
85.50442,27.92403,0.0
85.50447,27.92399,0.0
85.50447,27.92398,0.0
85.50449,27.92397,0.0
85.50453,27.92394,0.0
85.50454,27.92393,0.0
85.50463,27.92385,0.0
85.50464,27.92385,0.0
85.50471,27.92381,0.0
85.50482,27.92378,0.0
85.50495,27.92373,0.0
85.50502,27.92369,0.0
85.50515,27.9236,0.0
85.50516,27.92359,0.0
85.50517,27.92359,0.0
85.5052,27.92355,0.0
85.50529,27.92346,0.0
85.5053,27.92345,0.0
85.50538,27.92332,0.0
85.50542,27.92325,0.0
85.50544,27.92321,0.0
85.50546,27.92314,0.0
85.50543,27.92311,0.0
85.50536,27.92313,0.0
85.50527,27.92319,0.0
85.50517,27.92327,0.0
85.50508,27.92334,0.0
85.50506,27.92335,0.0
85.50497,27.92338,0.0
85.50494,27.92339,0.0
85.50491,27.9234,0.0
85.5049,27.9234,0.0
85.50473,27.92344,0.0
85.50448,27.92349,0.0
85.50428,27.92354,0.0
85.50409,27.92362,0.0
85.50402,27.92362,0.0
85.504,27.92359,0.0
85.504,27.92356,0.0
85.50406,27.9235,0.0
85.5041,27.92345,0.0
85.50419,27.9234,0.0
85.50428,27.92335,0.0
85.50439,27.9233,0.0
85.50442,27.92328,0.0
85.50443,27.92324,0.0
85.50435,27.92322,0.0
85.5043,27.92323,0.0
85.50406,27.9233,0.0
85.50384,27.92333,0.0
85.50376,27.92335,0.0
85.50369,27.92344,0.0
85.50364,27.92347,0.0
85.5036,27.92347,0.0
85.50357,27.92343,0.0
85.50357,27.92339,0.0
85.50357,27.92338,0.0
85.50366,27.92321,0.0
85.50374,27.92311,0.0
85.5039,27.92296,0.0
85.50406,27.92281,0.0
85.50421,27.92269,0.0
85.50424,27.92263,0.0
85.50424,27.92255,0.0
85.50419,27.92235,0.0
85.50419,27.92234,0.0
85.50417,27.92217,0.0
85.50413,27.92212,0.0
85.5041289,27.9221174,0.0
85.50407,27.92216,0.0
85.50399,27.92235,0.0
85.50389,27.92248,0.0
85.50386,27.92252,0.0
85.50371,27.92265,0.0
85.5035,27.92277,0.0
85.50344,27.92283,0.0
85.50339,27.92288,0.0
85.5033,27.92296,0.0
85.50326,27.92299,0.0
85.50315,27.92303,0.0
85.50312,27.92303,0.0
85.503,27.92303,0.0
85.50285,27.92304,0.0
85.50258,27.92313,0.0
85.50253,27.92315,0.0
85.50236,27.92325,0.0
85.50234,27.92326,0.0
85.50231,27.92337,0.0
85.50231,27.92342,0.0
85.50229,27.92355,0.0
85.50233,27.92372,0.0
85.50232,27.92377,0.0
85.50232,27.9238,0.0
85.50224,27.92394,0.0
85.50221,27.92398,0.0
85.502,27.92416,0.0
85.5019,27.92431,0.0
85.50177,27.92445,0.0
85.50172,27.92449,0.0
85.50165,27.92454,0.0
85.50156,27.92457,0.0
85.50155,27.92457,0.0
85.50146,27.92457,0.0
85.50135,27.92454,0.0
85.50133,27.92453,0.0
85.50106,27.92444,0.0
85.5010565,27.9244362,0.0
85.5010565,27.9244362,0.0
85.5010565,27.9244362,0.0
85.49933910369873,27.924464376542826,0.0
85.49928000000001,27.924464376542826,0.0
85.49928,27.92475,0.0
85.49937,27.925,0.0
85.49933,27.92523,0.0
85.49906,27.9253,0.0
85.49905,27.92542,0.0
85.49908,27.92556,0.0
85.49889,27.92577,0.0
85.49876,27.92597,0.0
85.49857,27.92614,0.0
85.49857,27.9263,0.0
85.49852,27.92636,0.0
85.49846,27.92639,0.0
85.49832,27.92636,0.0
85.49826,27.92643,0.0
85.49823,27.92661,0.0
85.49813,27.92671,0.0
85.49793,27.9267,0.0
85.49788,27.92703,0.0
85.49749,27.92746,0.0
85.49728,27.92775,0.0
85.49708,27.92825,0.0
85.49702,27.92829,0.0
85.4968,27.92836,0.0
85.49668,27.92881,0.0
85.49631,27.92909,0.0
85.4961,27.92933,0.0
85.49574,27.92956,0.0
85.49561,27.92973,0.0
85.49561,27.9298,0.0
85.49561,27.9298,0.0
85.4956,27.92988,0.0
85.49552,27.93006,0.0
85.49561,27.93023,0.0
85.49561,27.93023,0.0
85.49576,27.93049,0.0
85.49589,27.93055,0.0
85.49641,27.93084,0.0
85.49644,27.93091,0.0
85.4962,27.93105,0.0
85.49611,27.93113,0.0
85.49611,27.931130000000007,0.0
85.49611,27.93113,0.0
85.49606,27.93112,0.0
85.4961,27.93093,0.0
85.49599,27.93081,0.0
85.49595,27.93083,0.0
85.49582,27.93115,0.0
85.49561,27.93139,0.0
85.49561,27.93139,0.0
85.49507,27.93167,0.0
85.49551,27.93215,0.0
85.49557,27.93226,0.0
85.49548,27.93254,0.0
85.49551,27.93271,0.0
85.49561,27.93282,0.0
85.49561,27.93282,0.0
85.49631,27.93374,0.0
85.49645,27.93422,0.0
85.49645,27.9344,0.0
85.49632,27.93454,0.0
85.49615,27.93492,0.0
85.49585,27.93526,0.0
85.49561,27.93544,0.0
85.49561,27.93544,0.0
85.49557916748586,27.935447708128535,0.0
85.49557916748586,27.935447708128535,0.0
85.49543725698852,27.935483185752872,0.0
85.49543917179109,27.935488626427205,0.0
</coordinates></LineString></Placemark><Placemark><Style><LineStyle><color>FF0000FF</color><width>6.0</width><gx:labelVisibility>1</gx:labelVisibility></LineStyle></Style><description/><name>trail</name><LineString><altitudeMode>clampToGround</altitudeMode><tessellate>1</tessellate><coordinates>85.4954844788502,27.9354801785613,0.0
85.49446886746725,27.93616070366789,0.0
85.49446664589225,27.93667180036465,0.0
85.494358040609,27.93701771961391,0.0
85.49430282764924,27.93763365590925,0.0
85.4943041507343,27.93787637364739,0.0
85.49444247617032,27.93799562843357,0.0
85.49439371327182,27.93831257631426,0.0
85.49452180431916,27.93849133525185,0.0
85.49480287581491,27.93880378415307,0.0
85.49508455635187,27.93896676990325,0.0
85.49516923161363,27.93962956086027,0.0
85.4953279354779,27.93979856101292,0.0
85.49534899172119,27.94018190725342,0.0
85.49522316313971,27.94042244003926,0.0
85.49503660114694,27.94077585218907,0.0
85.49481266013449,27.94110016534993,0.0
85.49477004509936,27.94136407607046,0.0
85.49479018567214,27.94158836367643,0.0
85.49464932131218,27.94194060280071,0.0
85.49450825762474,27.9419731313299,0.0
85.49454576912925,27.94226211978847,0.0
85.49463683903708,27.94239083491756,0.0
85.49447999696778,27.94261852655553,0.0
85.49456685795685,27.94283735946318,0.0
85.4946427428874,27.94298413073333,0.0
85.49464718111955,27.9431367588004,0.0
85.49456727880978,27.94332875551045,0.0
85.49465594286218,27.9436965464654,0.0
85.49463628167862,27.94395001857368,0.0
85.49483188339313,27.94409400716604,0.0
85.49492904453082,27.94427505009644,0.0
85.49509836412236,27.9444100630752,0.0
85.49529641260143,27.94448608531991,0.0
85.49542209626613,27.9447510511134,0.0
85.49537648762823,27.94498550231636,0.0
85.49547220669483,27.94518712980007,0.0
85.49563563753036,27.94521064245459,0.0
85.49575900692685,27.94531632948516,0.0
85.49576878076962,27.94549437343573,0.0
85.49593356475476,27.94563170644278,0.0
85.49610389051644,27.9458372185679,0.0
85.49624723544312,27.9461039368862,0.0
85.49634761905865,27.94640084144274,0.0
85.49628736632145,27.94653021071626,0.0
85.49641227002009,27.94665415928371,0.0
85.49668615227381,27.94675263046864,0.0
85.4969968912879,27.94668615443507,0.0
85.49729854346337,27.94689290415382,0.0
85.4973798310723,27.94719042136339,0.0
85.49751588615358,27.94742534621718,0.0
85.49747071826316,27.94764416577129,0.0
85.49738699517343,27.94774757639366,0.0
85.49738229397184,27.94789541050255,0.0
85.49736449289223,27.9480899371244,0.0
85.49735590167649,27.94841771212775,0.0
85.4972655497756,27.94863051256415,0.0
85.49711787303431,27.94885304081738,0.0
85.4970345348012,27.94900113164474,0.0
85.49699038584636,27.94913352644717,0.0
85.49705692704968,27.94925237422217,0.0
85.4971499264717,27.94932715562769,0.0
85.49709351020317,27.94946200489362,0.0
85.49708748644676,27.94967901211563,0.0
85.49699422016766,27.94980743516674,0.0
</coordinates></LineString></Placemark><Placemark><Style><LineStyle><color>FF0000ff</color><width>6.0</width><gx:labelVisibility>1</gx:labelVisibility></LineStyle></Style><name/><LineString><altitudeMode>clampToGround</altitudeMode><tessellate>1</tessellate><coordinates>85.34677505493164,27.71787712474452,0.0
85.34782521435059,27.717775650405276,0.0
85.34809,27.71794,0.0
85.34809,27.71794,0.0
85.34809,27.71794,0.0
85.34842,27.71811,0.0
85.34901172913017,27.7183362493733,0.0
85.34901172913017,27.7183362493733,0.0
85.3491,27.71837,0.0
85.34963326289375,27.718665404624595,0.0
85.34963326289375,27.718665404624595,0.0
85.35049,27.71914,0.0
85.35049,27.71914,0.0
85.35049,27.71914,0.0
85.35097169830703,27.71932646386079,0.0
85.35097169830703,27.71932646386079,0.0
85.35111,27.71938,0.0
85.35139,27.71942,0.0
85.35156,27.71943,0.0
85.35156,27.71943,0.0
85.35156,27.71943,0.0
85.35280128436521,27.719349206343093,0.0
85.35284046799205,27.719346655929513,0.0
85.35320015320602,27.71932324446588,0.0
85.35320015320602,27.71932324446588,0.0
85.35325,27.71932,0.0
85.35370953530342,27.719330564048157,0.0
85.35370953530342,27.719330564048157,0.0
85.35392301358785,27.71933547160338,0.0
85.35395579692974,27.719336225241623,0.0
85.35412,27.71934,0.0
85.35412,27.71934,0.0
85.35456906121186,27.719404995701716,0.0
85.35456906121186,27.719404995701716,0.0
85.35488,27.71945,0.0
85.35565247370683,27.719642303581026,0.0
85.35565247370683,27.719642303581026,0.0
85.35725,27.72004,0.0
85.35771899491007,27.7201150391719,0.0
85.35771899491007,27.7201150391719,0.0
85.35907763362887,27.720332421327182,0.0
85.35907763362887,27.720332421327182,0.0
85.36012015775029,27.72049922522632,0.0
85.36012015775029,27.72049922522632,0.0
85.36048062399493,27.72055689983919,0.0
85.36048062399493,27.72055689983919,0.0
85.361,27.72064,0.0
85.36122040836688,27.720655377327923,0.0
85.36122040836688,27.720655377327923,0.0
85.36143,27.72067,0.0
85.36143,27.72067,0.0
85.36143,27.72067,0.0
85.36171,27.72065,0.0
85.36171,27.72065,0.0
85.36175109141534,27.720644610961923,0.0
85.36175109141534,27.720644610961923,0.0
85.36206066470118,27.72060401118673,0.0
85.36206066470118,27.72060401118673,0.0
85.36232,27.72057,0.0
85.36283137399445,27.720520625959157,0.0
85.36283137399445,27.720520625959157,0.0
85.36377,27.72043,0.0
85.36377,27.72043,0.0
85.36396973270499,27.720435874491322,0.0
85.36396973270499,27.720435874491322,0.0
85.36411,27.72044,0.0
85.3644,27.72049,0.0
85.3644,27.72049,0.0
85.3644,27.72049,0.0
85.36477060865738,27.72056770826687,0.0
85.36477060865738,27.72056770826687,0.0
85.36502,27.72062,0.0
85.36502,27.72062,0.0
85.36502,27.72062,0.0
85.3656493151423,27.72073301986229,0.0
85.3656493151423,27.72073301986229,0.0
85.36598909858279,27.720794042194456,0.0
85.36598909858279,27.720794042194456,0.0
85.36747,27.72106,0.0
85.36747,27.72106,0.0
85.36747,27.72106,0.0
85.36814046301302,27.721167752984236,0.0
85.36814046301302,27.721167752984236,0.0
85.36833036237692,27.721198272524866,0.0
85.36833036237692,27.721198272524866,0.0
85.36915,27.72133,0.0
85.36959111839104,27.72137117104983,0.0
85.36959111839104,27.72137117104983,0.0
85.36978164036564,27.721388953100796,0.0
85.36978164036564,27.721388953100796,0.0
85.37021946493006,27.721429816316427,0.0
85.37021946493006,27.721429816316427,0.0
85.37065,27.72147,0.0
85.37065,27.72147,0.0
85.37065,27.72147,0.0
85.37085019364211,27.72146607463447,0.0
85.37085019364211,27.72146607463447,0.0
85.37116,27.72146,0.0
85.37116,27.72146,0.0
85.37116,27.72146,0.0
85.37143,27.7215,0.0
85.37143,27.7215,0.0
85.37143,27.7215,0.0
85.37161842952759,27.721511776845475,0.0
85.37161842952759,27.721511776845475,0.0
85.37169945928443,27.721516841205275,0.0
85.37169945928443,27.721516841205275,0.0
85.37198134348901,27.721534458968062,0.0
85.37201467694129,27.72153654230883,0.0
85.37223,27.72155,0.0
85.37235,27.72158,0.0
85.37235,27.72158,0.0
85.37235,27.72158,0.0
85.37252856694042,27.72167216358215,0.0
85.37252856694042,27.72167216358215,0.0
85.37266,27.72174,0.0
85.37266,27.72174,0.0
85.37279,27.7218,0.0
85.37279,27.7218,0.0
85.37333,27.72191,0.0
85.37333,27.72191,0.0
85.37333,27.72191,0.0
85.37354598543745,27.721915759611665,0.0
85.37357551597579,27.72191654709269,0.0
85.37388012363272,27.72192466996354,0.0
85.37388012363272,27.72192466996354,0.0
85.37408,27.72193,0.0
85.37412990614447,27.72192735011622,0.0
85.37412990614447,27.72192735011622,0.0
85.37521,27.72187,0.0
85.37521,27.72187,0.0
85.37521,27.72187,0.0
85.37559996148497,27.721839613390785,0.0
85.37559996148497,27.721839613390785,0.0
85.37596014847057,27.721811546872427,0.0
85.37596014847057,27.721811546872427,0.0
85.3761695334014,27.721795231163533,0.0
85.3761695334014,27.721795231163533,0.0
85.37624990552827,27.7217889684004,0.0
85.37624990552827,27.7217889684004,0.0
85.3765297268445,27.721767164141994,0.0
85.3765297268445,27.721767164141994,0.0
85.3767499999806,27.721750000001517,0.0
85.3767499999806,27.721750000001517,0.0
85.37699838834823,27.72173064506378,0.0
85.37699838834823,27.72173064506378,0.0
85.37706951880833,27.721725102430526,0.0
85.37706951880833,27.721725102430526,0.0
85.37728980448526,27.721707937312843,0.0
85.37728980448526,27.721707937312843,0.0
85.37801017479865,27.721651804561148,0.0
85.37801017479865,27.721651804561148,0.0
85.37829,27.72163,0.0
85.37829,27.72163,0.0
85.37829,27.72163,0.0
85.37853975212344,27.721616124882033,0.0
85.37853975212344,27.721616124882033,0.0
85.37937,27.72157,0.0
85.3798,27.72158,0.0
85.3798,27.72158,0.0
85.3798,27.72158,0.0
85.37997040419164,27.721597040419162,0.0
85.37997040419164,27.721597040419162,0.0
85.3808,27.72168,0.0
85.3808,27.72168,0.0
85.3808,27.72168,0.0
85.38103055169765,27.721693793691312,0.0
85.38103055169765,27.721693793691312,0.0
85.38186960258942,27.721743993317315,0.0
85.38186960258942,27.721743993317315,0.0
85.38197,27.72175,0.0
85.38197,27.72175,0.0
85.38209673153462,27.721764437925835,0.0
85.38209673153462,27.721764437925835,0.0
85.38216263951261,27.72177194593579,0.0
85.38216263951261,27.72177194593579,0.0
85.38266144790873,27.721828772035305,0.0
85.38266144790873,27.721828772035305,0.0
85.38276,27.72184,0.0
85.38276,27.72184,0.0
85.38282295735182,27.72184718313341,0.0
85.38282295735182,27.72184718313341,0.0
85.38463042443169,27.722053404129788,0.0
85.38466462558551,27.722057306274863,0.0
85.38540285465265,27.722141533752318,0.0
85.38543208673264,27.72214486895607,0.0
85.38574,27.72218,0.0
85.38574,27.72218,0.0
85.38651,27.72229,0.0
85.38651,27.72229,0.0
85.38658914525395,27.72230430335915,0.0
85.38658914525395,27.72230430335915,0.0
85.38716773968233,27.722408868617286,0.0
85.38716773968233,27.722408868617286,0.0
85.38734,27.72244,0.0
85.38734,27.72244,0.0
85.38752602703825,27.72248595952228,0.0
85.38752602703825,27.72248595952228,0.0
85.38778038003213,27.72254879971161,0.0
85.38778038003213,27.72254879971161,0.0
85.38819,27.72265,0.0
85.38866,27.72273,0.0
85.38881950326649,27.7226980993467,0.0
85.38881950326649,27.7226980993467,0.0
85.38891,27.72268,0.0
85.38943,27.72244,0.0
85.38943,27.72244,0.0
85.38983,27.7223,0.0
85.39015908285307,27.72227257642891,0.0
85.39015908285307,27.72227257642891,0.0
85.39031,27.72226,0.0
85.39062,27.72206,0.0
85.39102,27.72188,0.0
85.39109,27.72182,0.0
85.39121,27.72158,0.0
85.39121,27.72158,0.0
85.39121,27.72158,0.0
85.3913,27.7215,0.0
85.39138262998588,27.721443124827605,0.0
85.39138262998588,27.721443124827605,0.0
85.3914243835616,27.72141438535984,0.0
85.3914243835616,27.72141438535984,0.0
85.39207,27.72097,0.0
85.39251,27.72056,0.0
85.3928,27.72019,0.0
85.3929,27.72001,0.0
85.39311053189522,27.719530183122572,0.0
85.39311053189522,27.719530183122572,0.0
85.39325325023412,27.719204918071082,0.0
85.39325325023412,27.719204918071082,0.0
85.39333,27.71903,0.0
85.3934,27.71898,0.0
85.39354,27.71893,0.0
85.39354,27.71893,0.0
85.39354,27.71893,0.0
85.39374,27.71897,0.0
85.39384,27.71903,0.0
85.39384,27.71903,0.0
85.39384,27.71903,0.0
85.39402,27.7192,0.0
85.39437,27.7196,0.0
85.39456,27.71976,0.0
85.39506,27.72014,0.0
85.39549,27.72056,0.0
85.39598,27.72088,0.0
85.39621,27.72111,0.0
85.39639,27.72122,0.0
85.39651,27.72123,0.0
85.39698,27.72101,0.0
85.39722,27.72097,0.0
85.39786,27.72109,0.0
85.39809,27.72117,0.0
85.39824,27.72131,0.0
85.39832,27.72143,0.0
85.39847,27.72179,0.0
85.39847,27.72179,0.0
85.39847,27.72179,0.0
85.39849,27.72192,0.0
85.39835,27.72244,0.0
85.39835,27.72244,0.0
85.39835,27.72282,0.0
85.39836931016558,27.722910114106014,0.0
85.39836931016558,27.722910114106014,0.0
85.39838,27.72296,0.0
85.39841559470617,27.722995594706163,0.0
85.39841559470617,27.722995594706163,0.0
85.39845,27.72303,0.0
85.39849304819063,27.72304324559712,0.0
85.39849304819063,27.72304324559712,0.0
85.39858,27.72307,0.0
85.39905,27.72311,0.0
85.39945909774625,27.723229735925727,0.0
85.39949013912054,27.72323882120601,0.0
85.39987,27.72335,0.0
85.40055,27.72411,0.0
85.4008107880628,27.724253433414038,0.0
85.4008107880628,27.724253433414038,0.0
85.40115,27.72444,0.0
85.40169,27.72466,0.0
85.40193,27.7247,0.0
85.40246,27.72465,0.0
85.40246,27.72465,0.0
85.40246,27.72465,0.0
85.4026,27.72467,0.0
85.40278,27.72485,0.0
85.40291798488019,27.7250610356991,0.0
85.40291798488019,27.7250610356991,0.0
85.40312,27.72537,0.0
85.40323,27.72548,0.0
85.40331553784803,27.7255336037181,0.0
85.40331553784803,27.7255336037181,0.0
85.40364297206062,27.72573879582466,0.0
85.40364297206062,27.72573879582466,0.0
85.40398,27.72595,0.0
85.40431730828024,27.72623253172192,0.0
85.40431730828024,27.72623253172192,0.0
85.40448917075437,27.726376484802824,0.0
85.40448917075437,27.726376484802824,0.0
85.40515,27.72693,0.0
85.40515,27.72693,0.0
85.40515,27.72693,0.0
85.40571,27.7273,0.0
85.40582,27.72735,0.0
85.40582,27.72735,0.0
85.40582,27.72735,0.0
85.40597,27.72737,0.0
85.40614,27.72736,0.0
85.40614,27.72736,0.0
85.40614,27.72736,0.0
85.4062161852892,27.72733110203322,0.0
85.4062161852892,27.72733110203322,0.0
85.40672,27.72714,0.0
85.40711072185121,27.72712026657317,0.0
85.40711072185121,27.72712026657317,0.0
85.40771,27.72709,0.0
85.40771,27.72709,0.0
85.40807,27.72717,0.0
85.40819254830949,27.72721483474738,0.0
85.40819254830949,27.72721483474738,0.0
85.40889,27.72747,0.0
85.40911214128718,27.72752289078266,0.0
85.40911214128718,27.72752289078266,0.0
85.40931,27.72757,0.0
85.40942123217448,27.72757926934787,0.0
85.40942123217448,27.72757926934787,0.0
85.40955,27.72759,0.0
85.40977,27.72752,0.0
85.40987450161995,27.727453118963226,0.0
85.40987450161995,27.727453118963226,0.0
85.41002,27.72736,0.0
85.41023,27.72714,0.0
85.41025752653309,27.727069217486367,0.0
85.41025752653309,27.727069217486367,0.0
85.41037,27.72678,0.0
85.41042,27.72672,0.0
85.41058,27.72666,0.0
85.41073,27.72669,0.0
85.41073,27.72669,0.0
85.41073,27.72669,0.0
85.41092,27.72691,0.0
85.4111,27.72695,0.0
85.41175,27.72701,0.0
85.41175,27.72701,0.0
85.41175,27.72701,0.0
85.41243,27.72701,0.0
85.41243,27.72701,0.0
85.41243,27.72701,0.0
85.41342,27.72693,0.0
85.41356039118791,27.726931403911877,0.0
85.41356039118791,27.726931403911877,0.0
85.41442,27.72694,0.0
85.41442,27.72694,0.0
85.41442,27.72694,0.0
85.41469,27.72696,0.0
85.41469,27.72696,0.0
85.41469,27.72696,0.0
85.41553,27.72719,0.0
85.4162,27.72717,0.0
85.41665,27.72728,0.0
85.41693,27.72729,0.0
85.41706769363486,27.727260150330903,0.0
85.41706769363486,27.727260150330903,0.0
85.417573078106,27.727150591459537,0.0
85.4176003353583,27.727144682544704,0.0
85.41772914672876,27.727116758401458,0.0
85.41772914672876,27.727116758401458,0.0
85.41836,27.72698,0.0
85.41866237992639,27.726875330025486,0.0
85.41866237992639,27.726875330025486,0.0
85.41914,27.72671,0.0
85.4196,27.72666,0.0
85.4196,27.72666,0.0
85.4196,27.72666,0.0
85.41980834527104,27.726622429541287,0.0
85.41980834527104,27.726622429541287,0.0
85.42021,27.72655,0.0
85.42031972382281,27.726555309217233,0.0
85.42031972382281,27.726555309217233,0.0
85.42047981640425,27.72656305563246,0.0
85.42047981640425,27.72656305563246,0.0
85.42076577993771,27.72657689257763,0.0
85.42077914621075,27.726577539332773,0.0
85.42083,27.72658,0.0
85.42139,27.72629,0.0
85.42164,27.7262,0.0
85.4218,27.72619,0.0
85.42189,27.72622,0.0
85.42238,27.72649,0.0
85.42289,27.72661,0.0
85.42290593060005,27.726663102000188,0.0
85.42290593060005,27.726663102000188,0.0
85.42292,27.72671,0.0
85.42287,27.72712,0.0
85.42289,27.72725,0.0
85.42296,27.72738,0.0
85.42312,27.72757,0.0
85.42351,27.72793,0.0
85.42367,27.72806,0.0
85.42367,27.72806,0.0
85.42367,27.72806,0.0
85.42384063805449,27.728149028550163,0.0
85.42384063805449,27.728149028550163,0.0
85.4239,27.72818,0.0
85.42431,27.72831,0.0
85.42467,27.72838,0.0
85.42472095458857,27.728382426408977,0.0
85.42472095458857,27.728382426408977,0.0
85.42488,27.72839,0.0
85.42529,27.72833,0.0
85.42561,27.72834,0.0
85.42571066543641,27.728368186322196,0.0
85.42571066543641,27.728368186322196,0.0
85.42611,27.72848,0.0
85.42626,27.72855,0.0
85.42635447121962,27.728644471219617,0.0
85.42635447121962,27.728644471219617,0.0
85.42659,27.72888,0.0
85.4266739964119,27.72893599823882,0.0
85.4266739964119,27.72893599823882,0.0
85.42674,27.72898,0.0
85.42689,27.72903,0.0
85.42689,27.72903,0.0
85.42689,27.72903,0.0
85.42759899971836,27.72913594248665,0.0
85.42762591958676,27.729139964995724,0.0
85.42927076696466,27.729385746787823,0.0
85.42927076696466,27.729385746787823,0.0
85.4295,27.72942,0.0
85.4295,27.72942,0.0
85.42969,27.72945,0.0
85.42969,27.72945,0.0
85.42995,27.72948,0.0
85.42995,27.72948,0.0
85.43081625277895,27.729602802118087,0.0
85.43084929806724,27.729607486699187,0.0
85.43204066110678,27.72977637724502,0.0
85.43204066110678,27.72977637724502,0.0
85.4340558149949,27.730062050539342,0.0
85.43407178777656,27.73006431488113,0.0
85.43408739507808,27.730066527407356,0.0
85.43408739507808,27.730066527407356,0.0
85.43476940538223,27.730163210724683,0.0
85.43476940538223,27.730163210724683,0.0
85.43517,27.73022,0.0
85.43553064761907,27.73025402336029,0.0
85.43553064761907,27.73025402336029,0.0
85.4357,27.73027,0.0
85.43622,27.73022,0.0
85.43622,27.73022,0.0
85.43622,27.73022,0.0
85.43706,27.73001,0.0
85.43743767701002,27.729796795236275,0.0
85.43743767701002,27.729796795236275,0.0
85.43768,27.72966,0.0
85.43815875574678,27.729453130232876,0.0
85.43818742592974,27.729440741882218,0.0
85.4393,27.72896,0.0
85.43998,27.72858,0.0
85.44008,27.72858,0.0
85.44019,27.7286,0.0
85.44093,27.72897,0.0
85.44093,27.72897,0.0
85.44093,27.72897,0.0
85.4411809899791,27.729026472745304,0.0
85.4411809899791,27.729026472745304,0.0
85.44133,27.72906,0.0
85.4418,27.72911,0.0
85.4418,27.72911,0.0
85.4418,27.72911,0.0
85.44213973655044,27.729124771154368,0.0
85.44213973655044,27.729124771154368,0.0
85.44249,27.72914,0.0
85.44249,27.72914,0.0
85.44249,27.72914,0.0
85.44355,27.72924,0.0
85.44378911926957,27.729274993063843,0.0
85.44378911926957,27.729274993063843,0.0
85.44478,27.72942,0.0
85.44491,27.72941,0.0
85.44512346256249,27.72930326871875,0.0
85.44513934158005,27.72929532920998,0.0
85.4451546664493,27.729287666775353,0.0
85.4451546664493,27.729287666775353,0.0
85.44529,27.72922,0.0
85.44529,27.72922,0.0
85.44529,27.72922,0.0
85.44568,27.72916,0.0
85.44568,27.72916,0.0
85.4462,27.72909,0.0
85.4462,27.72909,0.0
85.44785,27.72886,0.0
85.44841987232965,27.728759434294766,0.0
85.44841987232965,27.728759434294766,0.0
85.44882935104144,27.728687173345627,0.0
85.44882935104144,27.728687173345627,0.0
85.44904,27.72865,0.0
85.44917898828953,27.72860734022796,0.0
85.44917898828953,27.72860734022796,0.0
85.45005,27.72834,0.0
85.45005,27.72834,0.0
85.45054,27.72828,0.0
85.45092,27.72832,0.0
85.45148,27.72843,0.0
85.45166,27.72844,0.0
85.45168436261002,27.72843147308649,0.0
85.45186,27.72837,0.0
85.45224,27.7281,0.0
85.45298,27.72749,0.0
85.45333,27.72727,0.0
85.45409,27.72707,0.0
85.45433,27.72704,0.0
85.45479,27.72708,0.0
85.45497,27.72706,0.0
85.45529,27.72694,0.0
85.45529,27.72694,0.0
85.45529,27.72694,0.0
85.45565,27.72657,0.0
85.45584,27.72645,0.0
85.45601,27.7264,0.0
85.45613956183031,27.726386597052038,0.0
85.45613956183031,27.726386597052038,0.0
85.4563,27.72637,0.0
85.45673,27.72623,0.0
85.45673,27.72623,0.0
85.45673,27.72623,0.0
85.45707,27.72616,0.0
85.45732,27.72615,0.0
85.45744,27.72618,0.0
85.45744,27.72618,0.0
85.45744,27.72618,0.0
85.45754,27.72623,0.0
85.45779,27.72651,0.0
85.45794,27.72657,0.0
85.45814692114264,27.726620754242532,0.0
85.45814692114264,27.726620754242532,0.0
85.459,27.72683,0.0
85.45962,27.7269,0.0
85.45989,27.72696,0.0
85.46083,27.72744,0.0
85.46083,27.72744,0.0
85.46083,27.72744,0.0
85.46161,27.7277,0.0
85.46161,27.7277,0.0
85.4619,27.72774,0.0
85.46212933153149,27.72772269195989,0.0
85.46212933153149,27.72772269195989,0.0
85.46243,27.7277,0.0
85.46272,27.72772,0.0
85.46309,27.72778,0.0
85.46309,27.72778,0.0
85.46317454143892,27.727820157183487,0.0
85.46317454143892,27.727820157183487,0.0
85.46349,27.72797,0.0
85.46392,27.72807,0.0
85.46410011265945,27.72829993105462,0.0
85.46410011265945,27.72829993105462,0.0
85.46439,27.72867,0.0
85.46451831933251,27.729000928804894,0.0
</coordinates></LineString></Placemark></Folder></Document></kml>